distance,tick,phi,ineye,target1,theta,target2,event_name,match_id
112,0,20,1,7,-20,0,hltv_chase,c3ddd683
96,445,-20,1,11,30,0,hltv_chase,c3ddd683
96,823,-20,1,5,30,0,hltv_chase,c3ddd683
96,1085,-20,1,3,-30,11,hltv_chase,c3ddd683
96,1441,-20,1,9,30,4,hltv_chase,c3ddd683
96,1697,-20,1,9,-30,4,hltv_chase,c3ddd683
96,2023,-20,1,13,-30,5,hltv_chase,c3ddd683
96,2557,-20,1,12,30,8,hltv_chase,c3ddd683
96,2981,-20,1,12,-30,11,hltv_chase,c3ddd683
96,3461,-20,1,6,30,9,hltv_chase,c3ddd683
112,3783,20,1,4,20,2,hltv_chase,c3ddd683
96,4295,-20,1,12,30,0,hltv_chase,c3ddd683
96,4713,-20,1,3,30,0,hltv_chase,c3ddd683
96,5247,-20,1,4,30,0,hltv_chase,c3ddd683
96,5737,-20,1,2,30,0,hltv_chase,c3ddd683
112,6195,20,1,2,-20,0,hltv_chase,c3ddd683
112,6579,20,1,4,-20,6,hltv_chase,c3ddd683
112,6963,20,1,2,20,0,hltv_chase,c3ddd683
112,7347,20,1,4,20,3,hltv_chase,c3ddd683
96,7731,-20,1,11,30,12,hltv_chase,c3ddd683
112,8063,20,1,9,-20,0,hltv_chase,c3ddd683
96,8447,-20,1,8,30,0,hltv_chase,c3ddd683
112,8689,20,1,13,-20,3,hltv_chase,c3ddd683
96,9073,-20,1,8,30,13,hltv_chase,c3ddd683
96,9267,-20,1,3,30,0,hltv_chase,c3ddd683
96,9519,-20,1,8,30,0,hltv_chase,c3ddd683
96,10055,-20,1,6,30,9,hltv_chase,c3ddd683
96,10281,-20,1,8,-30,3,hltv_chase,c3ddd683
96,10747,-20,1,5,-30,6,hltv_chase,c3ddd683
500,11219,45,1,8,180,0,hltv_chase,c3ddd683
96,11421,-20,1,6,30,0,hltv_chase,c3ddd683
112,11987,20,1,5,-20,0,hltv_chase,c3ddd683
112,12499,20,1,13,20,12,hltv_chase,c3ddd683
112,12883,20,1,4,-20,3,hltv_chase,c3ddd683
96,13267,-20,1,11,30,0,hltv_chase,c3ddd683
96,13683,-20,1,8,30,0,hltv_chase,c3ddd683
96,14047,-20,1,2,30,0,hltv_chase,c3ddd683
96,14439,-20,1,9,30,0,hltv_chase,c3ddd683
112,14723,20,1,2,20,5,hltv_chase,c3ddd683
96,15107,-20,1,13,30,0,hltv_chase,c3ddd683
96,15647,-20,1,13,30,0,hltv_chase,c3ddd683
96,16083,-20,1,5,30,6,hltv_chase,c3ddd683
96,16489,-20,1,2,30,0,hltv_chase,c3ddd683
96,16799,-20,1,12,30,8,hltv_chase,c3ddd683
96,17279,-20,1,4,30,0,hltv_chase,c3ddd683
112,17755,20,1,2,20,8,hltv_chase,c3ddd683
96,18139,-20,1,6,30,0,hltv_chase,c3ddd683
96,18677,-20,1,11,30,4,hltv_chase,c3ddd683
96,19071,-20,1,12,30,11,hltv_chase,c3ddd683
112,19611,20,1,6,-20,0,hltv_chase,c3ddd683
96,19995,-20,1,3,30,9,hltv_chase,c3ddd683
96,20565,-20,1,5,30,6,hltv_chase,c3ddd683
500,20821,45,1,12,180,0,hltv_chase,c3ddd683
96,21377,-20,1,8,-30,12,hltv_chase,c3ddd683
96,21903,-20,1,3,-30,8,hltv_chase,c3ddd683
112,22345,20,1,13,-20,0,hltv_chase,c3ddd683
112,22729,20,1,13,-20,0,hltv_chase,c3ddd683
96,23242,-20,1,13,30,0,hltv_chase,c3ddd683
112,23568,20,1,12,-20,13,hltv_chase,c3ddd683
112,23952,20,1,6,20,4,hltv_chase,c3ddd683
96,24336,-20,1,13,30,0,hltv_chase,c3ddd683
96,24734,-20,1,12,30,0,hltv_chase,c3ddd683
96,25008,-20,1,12,30,2,hltv_chase,c3ddd683
96,25418,-20,1,5,-30,4,hltv_chase,c3ddd683
96,25938,-20,1,5,-30,3,hltv_chase,c3ddd683
112,26134,20,1,13,20,0,hltv_chase,c3ddd683
96,26518,-20,1,13,30,0,hltv_chase,c3ddd683
112,26810,20,1,13,20,6,hltv_chase,c3ddd683
96,27194,-20,1,6,30,0,hltv_chase,c3ddd683
96,27490,-20,1,13,30,0,hltv_chase,c3ddd683
96,27726,-20,1,8,-30,13,hltv_chase,c3ddd683
112,28074,20,1,6,-20,0,hltv_chase,c3ddd683
96,28585,-20,1,13,30,0,hltv_chase,c3ddd683
96,28941,-20,1,2,30,0,hltv_chase,c3ddd683
96,29283,-20,1,4,30,0,hltv_chase,c3ddd683
112,29765,20,1,8,20,2,hltv_chase,c3ddd683
96,30149,-20,1,6,30,11,hltv_chase,c3ddd683
96,30497,-20,1,13,30,0,hltv_chase,c3ddd683
96,30775,-20,1,2,30,0,hltv_chase,c3ddd683
96,31123,-20,1,11,30,0,hltv_chase,c3ddd683
96,31663,-20,1,13,30,0,hltv_chase,c3ddd683
96,31861,-20,1,9,30,0,hltv_chase,c3ddd683
96,32261,-20,1,5,30,0,hltv_chase,c3ddd683
96,32557,-20,1,13,30,11,hltv_chase,c3ddd683
96,32943,-20,1,6,30,0,hltv_chase,c3ddd683
96,33299,-20,1,9,30,6,hltv_chase,c3ddd683
96,33687,-20,1,9,-30,13,hltv_chase,c3ddd683
96,34009,-20,1,6,-30,11,hltv_chase,c3ddd683
96,34435,-20,1,8,30,0,hltv_chase,c3ddd683
96,34699,-20,1,4,-30,8,hltv_chase,c3ddd683
112,35081,20,1,2,20,3,hltv_chase,c3ddd683
96,35465,-20,1,3,30,2,hltv_chase,c3ddd683
112,35809,20,1,4,20,6,hltv_chase,c3ddd683
96,36322,-20,1,12,30,0,hltv_chase,c3ddd683
96,36790,-20,1,13,30,0,hltv_chase,c3ddd683
96,37126,-20,1,11,30,0,hltv_chase,c3ddd683
112,37350,20,1,2,20,5,hltv_chase,c3ddd683
112,37734,20,1,2,-20,8,hltv_chase,c3ddd683
96,38118,-20,1,5,30,13,hltv_chase,c3ddd683
96,38402,-20,1,9,30,12,hltv_chase,c3ddd683
96,38900,-20,1,11,-30,4,hltv_chase,c3ddd683
96,39236,-20,1,8,30,0,hltv_chase,c3ddd683
96,39544,-20,1,13,30,0,hltv_chase,c3ddd683
112,39996,20,1,6,-20,3,hltv_chase,c3ddd683
112,40380,20,1,2,20,0,hltv_chase,c3ddd683
96,40764,-20,1,8,30,0,hltv_chase,c3ddd683
96,41330,-20,1,13,-30,2,hltv_chase,c3ddd683
96,41812,-20,1,13,30,0,hltv_chase,c3ddd683
112,42082,20,1,9,-20,13,hltv_chase,c3ddd683
96,42466,-20,1,13,-30,9,hltv_chase,c3ddd683
112,42802,20,1,6,-20,8,hltv_chase,c3ddd683
96,43186,-20,1,6,-30,8,hltv_chase,c3ddd683
500,43410,45,1,3,180,0,hltv_chase,c3ddd683
96,43666,-20,1,3,-30,5,hltv_chase,c3ddd683
112,44088,20,1,5,20,13,hltv_chase,c3ddd683
96,44472,-20,1,5,-30,13,hltv_chase,c3ddd683
112,44712,20,1,5,-20,0,hltv_chase,c3ddd683
112,45096,20,1,5,20,0,hltv_chase,c3ddd683
112,45608,20,1,5,-20,0,hltv_chase,c3ddd683
96,46120,-20,1,6,30,0,hltv_chase,c3ddd683
96,46490,-20,1,13,30,0,hltv_chase,c3ddd683
112,46846,20,1,13,-20,12,hltv_chase,c3ddd683
96,47230,-20,1,12,30,0,hltv_chase,c3ddd683
96,47434,-20,1,5,-30,6,hltv_chase,c3ddd683
96,47986,-20,1,3,30,0,hltv_chase,c3ddd683
96,48548,-20,1,5,30,0,hltv_chase,c3ddd683
112,48828,20,1,13,20,12,hltv_chase,c3ddd683
96,49212,-20,1,3,30,0,hltv_chase,c3ddd683
96,49464,-20,1,13,30,0,hltv_chase,c3ddd683
96,49816,-20,1,2,30,0,hltv_chase,c3ddd683
112,50388,20,1,9,20,5,hltv_chase,c3ddd683
112,50772,20,1,9,-20,5,hltv_chase,c3ddd683
96,51156,-20,1,3,30,0,hltv_chase,c3ddd683
96,51464,-20,1,9,30,0,hltv_chase,c3ddd683
112,51906,20,1,8,-20,12,hltv_chase,c3ddd683
112,52290,20,1,8,20,5,hltv_chase,c3ddd683
112,52674,20,1,5,20,9,hltv_chase,c3ddd683
96,53058,-20,1,5,-30,12,hltv_chase,c3ddd683
96,53500,-20,1,8,30,4,hltv_chase,c3ddd683
112,53720,20,1,11,-20,8,hltv_chase,c3ddd683
96,54233,-20,1,5,30,0,hltv_chase,c3ddd683
112,54693,20,1,2,20,11,hltv_chase,c3ddd683
96,55077,-20,1,4,30,0,hltv_chase,c3ddd683
96,55471,-20,1,12,30,0,hltv_chase,c3ddd683
96,55731,-20,1,9,30,0,hltv_chase,c3ddd683
96,56085,-20,1,8,30,0,hltv_chase,c3ddd683
96,56347,-20,1,5,-30,4,hltv_chase,c3ddd683
112,56813,20,1,5,-20,11,hltv_chase,c3ddd683
96,57197,-20,1,9,-30,3,hltv_chase,c3ddd683
96,57765,-20,1,5,30,0,hltv_chase,c3ddd683
112,58173,20,1,6,-20,12,hltv_chase,c3ddd683
96,58557,-20,1,9,30,12,hltv_chase,c3ddd683
96,59045,-20,1,9,-30,6,hltv_chase,c3ddd683
112,59435,20,1,8,-20,9,hltv_chase,c3ddd683
96,59946,-20,1,2,30,0,hltv_chase,c3ddd683
96,60268,-20,1,6,30,0,hltv_chase,c3ddd683
96,60676,-20,1,4,30,0,hltv_chase,c3ddd683
112,60948,20,1,3,-20,13,hltv_chase,c3ddd683
96,61332,-20,1,12,30,0,hltv_chase,c3ddd683
96,61902,-20,1,4,30,0,hltv_chase,c3ddd683
96,62342,-20,1,4,30,0,hltv_chase,c3ddd683
96,62762,-20,1,4,30,0,hltv_chase,c3ddd683
96,63192,-20,1,3,30,0,hltv_chase,c3ddd683
112,63662,20,1,2,20,8,hltv_chase,c3ddd683
112,64046,20,1,12,-20,4,hltv_chase,c3ddd683
96,64430,-20,1,4,30,9,hltv_chase,c3ddd683
96,64652,-20,1,2,30,0,hltv_chase,c3ddd683
112,65030,20,1,2,-20,9,hltv_chase,c3ddd683
96,65414,-20,1,5,30,0,hltv_chase,c3ddd683
96,65812,-20,1,2,30,0,hltv_chase,c3ddd683
96,66072,-20,1,9,30,0,hltv_chase,c3ddd683
96,66458,-20,1,4,-30,2,hltv_chase,c3ddd683
96,67026,-20,1,12,-30,8,hltv_chase,c3ddd683
96,67418,-20,1,9,-30,12,hltv_chase,c3ddd683
96,67670,-20,1,11,-30,3,hltv_chase,c3ddd683
96,68094,-20,1,11,30,0,hltv_chase,c3ddd683
112,68458,20,1,3,-20,11,hltv_chase,c3ddd683
96,68842,-20,1,11,30,13,hltv_chase,c3ddd683
96,69270,-20,1,6,-30,5,hltv_chase,c3ddd683
112,69684,20,1,6,20,0,hltv_chase,c3ddd683
112,70068,20,1,8,20,9,hltv_chase,c3ddd683
96,70581,-20,1,8,30,0,hltv_chase,c3ddd683
96,70869,-20,1,5,30,0,hltv_chase,c3ddd683
96,71251,-20,1,9,30,0,hltv_chase,c3ddd683
112,71661,20,1,2,-20,8,hltv_chase,c3ddd683
96,72045,-20,1,4,30,5,hltv_chase,c3ddd683
96,72419,-20,1,4,30,0,hltv_chase,c3ddd683
96,72939,-20,1,5,-30,4,hltv_chase,c3ddd683
96,73353,-20,1,12,30,5,hltv_chase,c3ddd683
96,73713,-20,1,12,30,0,hltv_chase,c3ddd683
112,73919,20,1,2,-20,0,hltv_chase,c3ddd683
96,74303,-20,1,3,30,9,hltv_chase,c3ddd683
96,74547,-20,1,12,-30,8,hltv_chase,c3ddd683
96,74937,-20,1,12,-30,2,hltv_chase,c3ddd683
112,75271,20,1,12,20,3,hltv_chase,c3ddd683
96,75783,-20,1,6,30,0,hltv_chase,c3ddd683
96,76133,-20,1,4,30,0,hltv_chase,c3ddd683
96,76329,-20,1,8,30,0,hltv_chase,c3ddd683
112,76819,20,1,9,20,2,hltv_chase,c3ddd683
96,77203,-20,1,6,30,0,hltv_chase,c3ddd683
96,77611,-20,1,4,30,0,hltv_chase,c3ddd683
96,77805,-20,1,5,30,13,hltv_chase,c3ddd683
96,78243,-20,1,12,30,0,hltv_chase,c3ddd683
112,78675,20,1,11,20,13,hltv_chase,c3ddd683
96,79059,-20,1,6,30,9,hltv_chase,c3ddd683
96,79613,-20,1,6,30,0,hltv_chase,c3ddd683
112,79947,20,1,6,-20,0,hltv_chase,c3ddd683
96,80331,-20,1,13,-30,11,hltv_chase,c3ddd683
112,80543,20,1,12,20,8,hltv_chase,c3ddd683
96,80927,-20,1,4,-30,2,hltv_chase,c3ddd683
96,81229,-20,1,3,30,0,hltv_chase,c3ddd683
112,81467,20,1,4,-20,3,hltv_chase,c3ddd683
96,81851,-20,1,12,30,8,hltv_chase,c3ddd683
112,82247,20,1,3,20,0,hltv_chase,c3ddd683
96,82758,-20,1,11,30,0,hltv_chase,c3ddd683
96,82990,-20,1,11,30,0,hltv_chase,c3ddd683
96,83402,-20,1,8,30,0,hltv_chase,c3ddd683
96,83620,-20,1,4,30,0,hltv_chase,c3ddd683
112,83992,20,1,8,20,9,hltv_chase,c3ddd683
96,84376,-20,1,5,30,6,hltv_chase,c3ddd683
96,84856,-20,1,4,30,0,hltv_chase,c3ddd683
96,85168,-20,1,13,30,0,hltv_chase,c3ddd683
96,85508,-20,1,4,30,9,hltv_chase,c3ddd683
96,86012,-20,1,9,-30,4,hltv_chase,c3ddd683
112,86390,20,1,6,20,3,hltv_chase,c3ddd683
96,86774,-20,1,8,30,0,hltv_chase,c3ddd683
96,87054,-20,1,12,30,0,hltv_chase,c3ddd683
96,87450,-20,1,2,30,0,hltv_chase,c3ddd683
96,87682,-20,1,12,30,0,hltv_chase,c3ddd683
112,88076,20,1,8,-20,9,hltv_chase,c3ddd683
96,88460,-20,1,11,30,0,hltv_chase,c3ddd683
112,88824,20,1,2,20,5,hltv_chase,c3ddd683
96,89208,-20,1,12,30,0,hltv_chase,c3ddd683
112,89508,20,1,2,20,8,hltv_chase,c3ddd683
96,89892,-20,1,13,-30,9,hltv_chase,c3ddd683
96,90318,-20,1,3,-30,11,hltv_chase,c3ddd683
96,90746,-20,1,6,30,2,hltv_chase,c3ddd683
112,91036,20,1,5,-20,13,hltv_chase,c3ddd683
96,91548,-20,1,4,30,0,hltv_chase,c3ddd683
96,92023,-20,1,6,30,0,hltv_chase,c3ddd683
96,92351,-20,1,9,30,0,hltv_chase,c3ddd683
96,92677,-20,1,11,30,0,hltv_chase,c3ddd683
112,93009,20,1,6,-20,12,hltv_chase,c3ddd683
96,93393,-20,1,6,-30,5,hltv_chase,c3ddd683
96,93829,-20,1,9,30,0,hltv_chase,c3ddd683
96,94187,-20,1,2,-30,4,hltv_chase,c3ddd683
96,94735,-20,1,6,-30,5,hltv_chase,c3ddd683
112,95127,20,1,11,20,13,hltv_chase,c3ddd683
112,95511,20,1,2,-20,8,hltv_chase,c3ddd683
96,95895,-20,1,3,-30,11,hltv_chase,c3ddd683
96,96397,-20,1,3,30,5,hltv_chase,c3ddd683
112,96593,20,1,2,20,8,hltv_chase,c3ddd683
112,96977,20,1,2,20,8,hltv_chase,c3ddd683
112,97361,20,1,2,-20,8,hltv_chase,c3ddd683
112,97745,20,1,9,20,5,hltv_chase,c3ddd683
96,98129,-20,1,3,-30,9,hltv_chase,c3ddd683
112,98349,20,1,3,20,0,hltv_chase,c3ddd683
96,98733,-20,1,3,30,0,hltv_chase,c3ddd683
96,99303,-20,1,8,30,0,hltv_chase,c3ddd683
112,99793,20,1,2,20,8,hltv_chase,c3ddd683
112,100177,20,1,8,20,2,hltv_chase,c3ddd683
96,100688,-20,1,6,30,0,hltv_chase,c3ddd683
112,100982,20,1,2,20,11,hltv_chase,c3ddd683
96,101366,-20,1,9,30,0,hltv_chase,c3ddd683
96,101734,-20,1,6,30,0,hltv_chase,c3ddd683
96,102224,-20,1,6,30,0,hltv_chase,c3ddd683
96,102578,-20,1,12,30,0,hltv_chase,c3ddd683
96,102772,-20,1,13,30,0,hltv_chase,c3ddd683
96,103116,-20,1,13,30,0,hltv_chase,c3ddd683
96,103518,-20,1,8,30,0,hltv_chase,c3ddd683
96,103822,-20,1,6,30,11,hltv_chase,c3ddd683
96,104222,-20,1,6,30,0,hltv_chase,c3ddd683
96,104456,-20,1,2,-30,13,hltv_chase,c3ddd683
96,104908,-20,1,2,30,0,hltv_chase,c3ddd683
112,105190,20,1,12,-20,9,hltv_chase,c3ddd683
96,105574,-20,1,5,-30,4,hltv_chase,c3ddd683
96,106042,-20,1,5,30,3,hltv_chase,c3ddd683
96,106612,-20,1,5,30,12,hltv_chase,c3ddd683
112,107102,20,1,9,-20,8,hltv_chase,c3ddd683
96,107615,-20,1,6,30,0,hltv_chase,c3ddd683
96,107813,-20,1,2,30,0,hltv_chase,c3ddd683
96,108373,-20,1,6,30,0,hltv_chase,c3ddd683
112,108743,20,1,11,-20,2,hltv_chase,c3ddd683
96,109127,-20,1,8,30,0,hltv_chase,c3ddd683
96,109415,-20,1,8,30,3,hltv_chase,c3ddd683
96,109971,-20,1,8,-30,12,hltv_chase,c3ddd683
96,110193,-20,1,5,30,6,hltv_chase,c3ddd683
112,110549,20,1,5,20,9,hltv_chase,c3ddd683
112,110933,20,1,9,20,5,hltv_chase,c3ddd683
96,111317,-20,1,4,30,9,hltv_chase,c3ddd683
112,111857,20,1,5,-20,11,hltv_chase,c3ddd683
96,112369,-20,1,13,30,0,hltv_chase,c3ddd683
96,112693,-20,1,9,30,0,hltv_chase,c3ddd683
112,113269,20,1,13,-20,6,hltv_chase,c3ddd683
96,113653,-20,1,2,30,0,hltv_chase,c3ddd683
96,113919,-20,1,6,30,0,hltv_chase,c3ddd683
96,114281,-20,1,5,-30,4,hltv_chase,c3ddd683
112,114789,20,1,6,-20,12,hltv_chase,c3ddd683
96,115173,-20,1,6,30,0,hltv_chase,c3ddd683
112,115459,20,1,2,-20,8,hltv_chase,c3ddd683
96,115843,-20,1,13,30,11,hltv_chase,c3ddd683
96,116213,-20,1,9,-30,13,hltv_chase,c3ddd683
96,116441,-20,1,9,30,3,hltv_chase,c3ddd683
96,116905,-20,1,3,-30,8,hltv_chase,c3ddd683
96,117249,-20,1,3,30,8,hltv_chase,c3ddd683
96,117707,-20,1,12,-30,2,hltv_chase,c3ddd683
112,118231,20,1,3,-20,6,hltv_chase,c3ddd683
112,118615,20,1,3,20,6,hltv_chase,c3ddd683
112,118999,20,1,3,-20,6,hltv_chase,c3ddd683
96,119511,-20,1,13,30,0,hltv_chase,c3ddd683
112,119979,20,1,9,-20,8,hltv_chase,c3ddd683
96,120363,-20,1,2,30,0,hltv_chase,c3ddd683
112,120667,20,1,8,20,2,hltv_chase,c3ddd683
112,121051,20,1,2,20,8,hltv_chase,c3ddd683
112,121435,20,1,4,-20,6,hltv_chase,c3ddd683
112,121819,20,1,2,-20,8,hltv_chase,c3ddd683
112,122203,20,1,11,20,9,hltv_chase,c3ddd683
112,122587,20,1,2,-20,8,hltv_chase,c3ddd683
96,122971,-20,1,6,30,9,hltv_chase,c3ddd683
96,123475,-20,1,3,30,11,hltv_chase,c3ddd683
96,124031,-20,1,13,30,8,hltv_chase,c3ddd683
96,124369,-20,1,12,30,5,hltv_chase,c3ddd683
112,124751,20,1,3,-20,13,hltv_chase,c3ddd683
96,125263,-20,1,12,30,0,hltv_chase,c3ddd683
96,125651,-20,1,6,30,0,hltv_chase,c3ddd683
96,125899,-20,1,4,30,0,hltv_chase,c3ddd683
112,126291,20,1,3,-20,6,hltv_chase,c3ddd683
112,126675,20,1,12,-20,4,hltv_chase,c3ddd683
96,127059,-20,1,12,30,0,hltv_chase,c3ddd683
112,127319,20,1,11,20,8,hltv_chase,c3ddd683
112,127703,20,1,6,-20,4,hltv_chase,c3ddd683
96,128087,-20,1,5,-30,4,hltv_chase,c3ddd683
96,128315,-20,1,5,-30,3,hltv_chase,c3ddd683
96,128853,-20,1,13,-30,8,hltv_chase,c3ddd683
112,129229,20,1,9,-20,0,hltv_chase,c3ddd683
112,129613,20,1,12,-20,9,hltv_chase,c3ddd683
96,129997,-20,1,12,30,9,hltv_chase,c3ddd683
112,130485,20,1,13,20,12,hltv_chase,c3ddd683
112,130997,20,1,2,-20,8,hltv_chase,c3ddd683
96,131381,-20,1,8,30,0,hltv_chase,c3ddd683
96,131707,-20,1,2,30,0,hltv_chase,c3ddd683
112,132075,20,1,8,20,5,hltv_chase,c3ddd683
112,132459,20,1,2,-20,11,hltv_chase,c3ddd683
96,132843,-20,1,4,-30,2,hltv_chase,c3ddd683
96,133047,-20,1,5,30,0,hltv_chase,c3ddd683
96,133433,-20,1,12,30,0,hltv_chase,c3ddd683
96,133777,-20,1,13,30,0,hltv_chase,c3ddd683
112,134267,20,1,2,20,0,hltv_chase,c3ddd683
96,134651,-20,1,2,30,0,hltv_chase,c3ddd683
96,134863,-20,1,11,30,0,hltv_chase,c3ddd683
96,135283,-20,1,5,30,0,hltv_chase,c3ddd683
112,135629,20,1,6,-20,4,hltv_chase,c3ddd683
96,136013,-20,1,9,-30,3,hltv_chase,c3ddd683
96,136489,-20,1,5,-30,4,hltv_chase,c3ddd683
96,136723,-20,1,2,30,0,hltv_chase,c3ddd683
500,137239,45,1,2,180,0,hltv_chase,c3ddd683
96,137471,-20,1,2,30,0,hltv_chase,c3ddd683
96,137671,-20,1,2,30,12,hltv_chase,c3ddd683
112,138095,20,1,2,20,5,hltv_chase,c3ddd683
96,138607,-20,1,11,30,0,hltv_chase,c3ddd683
96,138939,-20,1,12,30,0,hltv_chase,c3ddd683
112,139439,20,1,2,20,8,hltv_chase,c3ddd683
96,139823,-20,1,2,30,0,hltv_chase,c3ddd683
96,140267,-20,1,11,-30,4,hltv_chase,c3ddd683
96,140811,-20,1,5,30,12,hltv_chase,c3ddd683
96,141125,-20,1,9,30,13,hltv_chase,c3ddd683
96,141653,-20,1,3,30,11,hltv_chase,c3ddd683
96,142059,-20,1,8,30,0,hltv_chase,c3ddd683
96,142253,-20,1,9,-30,3,hltv_chase,c3ddd683
112,142713,20,1,2,-20,8,hltv_chase,c3ddd683
96,143224,-20,1,5,30,0,hltv_chase,c3ddd683
96,143612,-20,1,8,30,0,hltv_chase,c3ddd683
96,143976,-20,1,11,30,0,hltv_chase,c3ddd683
96,144366,-20,1,8,30,0,hltv_chase,c3ddd683
96,145064,-20,1,13,-30,9,hltv_chase,c3ddd683
96,145448,-20,1,5,30,0,hltv_chase,c3ddd683
112,145892,20,1,2,20,6,hltv_chase,c3ddd683
112,146276,20,1,8,-20,0,hltv_chase,c3ddd683
112,146660,20,1,2,-20,8,hltv_chase,c3ddd683
112,147044,20,1,2,-20,6,hltv_chase,c3ddd683
96,147428,-20,1,5,30,12,hltv_chase,c3ddd683
96,147714,-20,1,4,30,5,hltv_chase,c3ddd683
500,148268,45,1,2,180,0,hltv_chase,c3ddd683
96,148734,-20,1,2,-30,6,hltv_chase,c3ddd683
96,149010,-20,1,13,-30,8,hltv_chase,c3ddd683
112,149334,20,1,13,20,3,hltv_chase,c3ddd683
96,149847,-20,1,6,30,0,hltv_chase,c3ddd683
96,150191,-20,1,12,30,0,hltv_chase,c3ddd683
96,150591,-20,1,2,30,0,hltv_chase,c3ddd683
96,150941,-20,1,2,30,0,hltv_chase,c3ddd683
96,151147,-20,1,8,30,0,hltv_chase,c3ddd683
96,151473,-20,1,12,30,0,hltv_chase,c3ddd683
96,151825,-20,1,12,-30,2,hltv_chase,c3ddd683
112,152331,20,1,8,-20,13,hltv_chase,c3ddd683
96,152715,-20,1,13,30,9,hltv_chase,c3ddd683
112,153097,20,1,5,-20,8,hltv_chase,c3ddd683
96,153481,-20,1,11,-30,3,hltv_chase,c3ddd683
96,153733,-20,1,11,30,0,hltv_chase,c3ddd683
112,153927,20,1,8,-20,5,hltv_chase,c3ddd683
112,154311,20,1,4,20,13,hltv_chase,c3ddd683
112,154695,20,1,11,20,0,hltv_chase,c3ddd683
112,155079,20,1,11,20,0,hltv_chase,c3ddd683
112,155463,20,1,2,-20,12,hltv_chase,c3ddd683
96,155847,-20,1,5,-30,12,hltv_chase,c3ddd683
96,156091,-20,1,4,-30,5,hltv_chase,c3ddd683
112,156521,20,1,6,-20,2,hltv_chase,c3ddd683
96,156905,-20,1,6,-30,2,hltv_chase,c3ddd683
112,157247,20,1,6,20,0,hltv_chase,c3ddd683
112,157631,20,1,6,-20,11,hltv_chase,c3ddd683
96,158015,-20,1,6,30,11,hltv_chase,c3ddd683
112,158239,20,1,6,-20,13,hltv_chase,c3ddd683
96,158751,-20,1,6,30,0,hltv_chase,c3ddd683
112,159315,20,1,5,20,2,hltv_chase,c3ddd683
112,159699,20,1,2,-20,11,hltv_chase,c3ddd683
96,160083,-20,1,4,-30,9,hltv_chase,c3ddd683
96,160535,-20,1,4,30,5,hltv_chase,c3ddd683
112,160871,20,1,3,20,0,hltv_chase,c3ddd683
96,161255,-20,1,4,30,0,hltv_chase,c3ddd683
96,161823,-20,1,12,-30,11,hltv_chase,c3ddd683
96,162309,-20,1,6,30,9,hltv_chase,c3ddd683
96,162793,-20,1,6,30,5,hltv_chase,c3ddd683
112,163185,20,1,6,-20,0,hltv_chase,c3ddd683
112,163569,20,1,3,20,6,hltv_chase,c3ddd683
112,163953,20,1,3,20,4,hltv_chase,c3ddd683
112,164337,20,1,6,-20,3,hltv_chase,c3ddd683
96,164721,-20,1,6,30,8,hltv_chase,c3ddd683
96,165115,-20,1,4,30,0,hltv_chase,c3ddd683
96,165313,-20,1,5,30,0,hltv_chase,c3ddd683
96,165729,-20,1,2,30,0,hltv_chase,c3ddd683
96,166131,-20,1,13,30,0,hltv_chase,c3ddd683
112,166357,20,1,2,-20,5,hltv_chase,c3ddd683
112,166741,20,1,2,20,5,hltv_chase,c3ddd683
96,167125,-20,1,13,30,0,hltv_chase,c3ddd683
96,167351,-20,1,2,30,0,hltv_chase,c3ddd683
96,167559,-20,1,4,30,9,hltv_chase,c3ddd683
96,167903,-20,1,11,30,0,hltv_chase,c3ddd683
96,168293,-20,1,8,30,0,hltv_chase,c3ddd683
112,168535,20,1,13,20,5,hltv_chase,c3ddd683
96,168919,-20,1,11,30,12,hltv_chase,c3ddd683
500,169131,45,1,5,180,0,hltv_chase,c3ddd683
96,169469,-20,1,6,30,8,hltv_chase,c3ddd683
96,170029,-20,1,6,-30,5,hltv_chase,c3ddd683
96,170441,-20,1,11,30,6,hltv_chase,c3ddd683
96,170867,-20,1,3,30,11,hltv_chase,c3ddd683
112,171177,20,1,13,-20,3,hltv_chase,c3ddd683
112,171689,20,1,13,-20,3,hltv_chase,c3ddd683
96,172201,-20,1,6,30,0,hltv_chase,c3ddd683
96,172523,-20,1,8,30,0,hltv_chase,c3ddd683
96,172977,-20,1,8,30,0,hltv_chase,c3ddd683
96,173367,-20,1,4,30,0,hltv_chase,c3ddd683
96,173691,-20,1,13,30,0,hltv_chase,c3ddd683
96,174049,-20,1,12,30,5,hltv_chase,c3ddd683
112,174421,20,1,8,20,2,hltv_chase,c3ddd683
96,174805,-20,1,11,30,3,hltv_chase,c3ddd683
96,175221,-20,1,2,30,0,hltv_chase,c3ddd683
96,175543,-20,1,13,30,11,hltv_chase,c3ddd683
96,176063,-20,1,12,30,0,hltv_chase,c3ddd683
96,176269,-20,1,12,30,0,hltv_chase,c3ddd683
112,176647,20,1,9,-20,2,hltv_chase,c3ddd683
96,177031,-20,1,6,30,0,hltv_chase,c3ddd683
96,177607,-20,1,4,30,9,hltv_chase,c3ddd683
96,177851,-20,1,2,30,0,hltv_chase,c3ddd683
96,178147,-20,1,13,30,0,hltv_chase,c3ddd683
112,178341,20,1,2,20,13,hltv_chase,c3ddd683
96,178725,-20,1,13,-30,2,hltv_chase,c3ddd683
112,178953,20,1,4,-20,12,hltv_chase,c3ddd683
96,179466,-20,1,11,30,0,hltv_chase,c3ddd683
96,179788,-20,1,2,30,0,hltv_chase,c3ddd683
112,180200,20,1,2,-20,9,hltv_chase,c3ddd683
96,180584,-20,1,4,30,0,hltv_chase,c3ddd683
96,180996,-20,1,5,30,0,hltv_chase,c3ddd683
96,181230,-20,1,2,30,3,hltv_chase,c3ddd683
96,181632,-20,1,5,30,13,hltv_chase,c3ddd683
96,181958,-20,1,11,30,0,hltv_chase,c3ddd683
96,182338,-20,1,12,-30,9,hltv_chase,c3ddd683
