player_name,defindex,player_steamid,item,event_name,tick,round
Wesley,42,0,knife,item_remove,4,0
Wesley,32,0,hkp2000,item_remove,4,0
Wesley,59,0,knife,item_remove,4,0
Wesley,4,0,glock,item_remove,4,0
Wesley,0,0,vest,item_remove,33,0
Wesley,7,0,ak47,item_remove,33,0
Wesley,42,0,knife,item_remove,33,0
Wesley,0,0,vest,item_remove,33,0
Wesley,7,0,ak47,item_remove,33,0
Wesley,42,0,knife,item_remove,33,0
Wesley,42,0,knife,item_remove,37,0
Wesley,32,0,hkp2000,item_remove,37,0
Wesley,59,0,knife,item_remove,37,0
Wesley,4,0,glock,item_remove,37,0
Wesley,13,0,galilar,item_remove,493,0
Wesley,0,0,vest,item_remove,493,0
Wesley,42,0,knife,item_remove,493,0
Wesley,13,0,galilar,item_remove,629,0
Wesley,0,0,vest,item_remove,629,0
Wesley,42,0,knife,item_remove,629,0
rodrigaoobrabo,42,76561198421514418,knife,item_remove,631,0
rodrigaoobrabo,61,76561198421514418,hkp2000,item_remove,631,0
Connan,59,76561198026214582,knife,item_remove,631,0
Connan,4,76561198026214582,glock,item_remove,631,0
【﻿ＰＫ】,42,76561197996437459,knife,item_remove,769,0
【﻿ＰＫ】,61,76561197996437459,hkp2000,item_remove,769,0
MonsTro,59,76561198340888446,knife,item_remove,769,0
MonsTro,4,76561198340888446,glock,item_remove,769,0
Erick,42,76561198000238678,knife,item_remove,1009,0
Erick,61,76561198000238678,hkp2000,item_remove,1009,0
Cujura,520,76561198051880621,knife,item_remove,1009,0
Cujura,4,76561198051880621,glock,item_remove,1009,0
Luiz,42,76561198100001022,knife,item_remove,1015,0
Luiz,32,76561198100001022,hkp2000,item_remove,1015,0
AVARA KÉRABA,59,76561198397576589,knife,item_remove,1015,0
AVARA KÉRABA,4,76561198397576589,glock,item_remove,1015,0
rodrigaoobrabo,60,76561198421514418,m4a1,item_remove,1249,0
rodrigaoobrabo,42,76561198421514418,knife,item_remove,1249,0
AVARA KÉRABA,4,76561198397576589,glock,item_remove,1409,0
AVARA KÉRABA,42,76561198397576589,knife,item_remove,1409,0
rodrigaoobrabo,42,76561198421514418,knife,item_remove,1453,0
rodrigaoobrabo,61,76561198421514418,hkp2000,item_remove,1453,0
Connan,0,76561198026214582,vest,item_remove,1453,0
Connan,60,76561198026214582,m4a1,item_remove,1453,0
Connan,42,76561198026214582,knife,item_remove,1453,0
Luiz,0,76561198100001022,vest,item_remove,1495,0
Luiz,4,76561198100001022,glock,item_remove,1495,0
Luiz,42,76561198100001022,knife,item_remove,1495,0
AVARA KÉRABA,59,76561198397576589,knife,item_remove,1495,0
AVARA KÉRABA,4,76561198397576589,glock,item_remove,1495,0
Cujura,13,76561198051880621,galilar,item_remove,1505,0
Cujura,520,76561198051880621,knife,item_remove,1505,0
Luiz,10,76561198100001022,famas,item_remove,1629,0
Luiz,42,76561198100001022,knife,item_remove,1629,0
Erick,0,76561198000238678,vest,item_remove,1711,0
Erick,13,76561198000238678,galilar,item_remove,1711,0
Erick,42,76561198000238678,knife,item_remove,1711,0
Cujura,520,76561198051880621,knife,item_remove,1711,0
Cujura,4,76561198051880621,glock,item_remove,1711,0
Luiz,42,76561198100001022,knife,item_remove,1825,0
Luiz,32,76561198100001022,hkp2000,item_remove,1825,0
AVARA KÉRABA,0,76561198397576589,vest,item_remove,1825,0
AVARA KÉRABA,10,76561198397576589,famas,item_remove,1825,0
AVARA KÉRABA,42,76561198397576589,knife,item_remove,1825,0
Cujura,7,76561198051880621,ak47,item_remove,1831,0
Cujura,520,76561198051880621,knife,item_remove,1831,0
rodrigaoobrabo,60,76561198421514418,m4a1,item_remove,1865,0
rodrigaoobrabo,42,76561198421514418,knife,item_remove,1865,0
Luiz,13,76561198100001022,galilar,item_remove,2001,0
Luiz,42,76561198100001022,knife,item_remove,2001,0
Erick,0,76561198000238678,vest,item_remove,2029,0
Erick,7,76561198000238678,ak47,item_remove,2029,0
Erick,42,76561198000238678,knife,item_remove,2029,0
Cujura,520,76561198051880621,knife,item_remove,2029,0
Cujura,4,76561198051880621,glock,item_remove,2029,0
rodrigaoobrabo,42,76561198421514418,knife,item_remove,2065,0
rodrigaoobrabo,61,76561198421514418,hkp2000,item_remove,2065,0
rodrigaoobrabo,60,76561198421514418,m4a1,item_remove,2065,0
Connan,0,76561198026214582,vest,item_remove,2065,0
Connan,60,76561198026214582,m4a1,item_remove,2065,0
Connan,42,76561198026214582,knife,item_remove,2065,0
Luiz,42,76561198100001022,knife,item_remove,2137,0
Luiz,32,76561198100001022,hkp2000,item_remove,2137,0
AVARA KÉRABA,0,76561198397576589,vest,item_remove,2137,0
AVARA KÉRABA,13,76561198397576589,galilar,item_remove,2137,0
AVARA KÉRABA,42,76561198397576589,knife,item_remove,2137,0
【﻿ＰＫ】,1,76561197996437459,deagle,item_remove,2293,0
【﻿ＰＫ】,42,76561197996437459,knife,item_remove,2293,0
Luiz,13,76561198100001022,galilar,item_remove,2365,0
Luiz,42,76561198100001022,knife,item_remove,2365,0
Cujura,4,76561198051880621,glock,item_remove,2375,0
Cujura,520,76561198051880621,knife,item_remove,2375,0
Erick,0,76561198000238678,vest,item_remove,2449,0
Erick,4,76561198000238678,glock,item_remove,2449,0
Erick,42,76561198000238678,knife,item_remove,2449,0
Siraissi,59,76561198178993731,knife,item_remove,2449,0
Siraissi,4,76561198178993731,glock,item_remove,2449,0
【﻿ＰＫ】,42,76561197996437459,knife,item_remove,2473,0
【﻿ＰＫ】,61,76561197996437459,hkp2000,item_remove,2473,0
MonsTro,0,76561198340888446,vest,item_remove,2473,0
MonsTro,1,76561198340888446,deagle,item_remove,2473,0
MonsTro,42,76561198340888446,knife,item_remove,2473,0
Luiz,42,76561198100001022,knife,item_remove,2569,0
Luiz,32,76561198100001022,hkp2000,item_remove,2569,0
AVARA KÉRABA,0,76561198397576589,vest,item_remove,2569,0
AVARA KÉRABA,13,76561198397576589,galilar,item_remove,2569,0
AVARA KÉRABA,42,76561198397576589,knife,item_remove,2569,0
Talevor,42,76561198124241179,knife,item_remove,2581,0
Talevor,61,76561198124241179,hkp2000,item_remove,2581,0
Cujura,520,76561198051880621,knife,item_remove,2581,0
Cujura,4,76561198051880621,glock,item_remove,2581,0
rodrigaoobrabo,1,76561198421514418,deagle,item_remove,2613,0
rodrigaoobrabo,42,76561198421514418,knife,item_remove,2613,0
【﻿ＰＫ】,60,76561197996437459,m4a1,item_remove,2789,0
【﻿ＰＫ】,42,76561197996437459,knife,item_remove,2789,0
AVARA KÉRABA,4,76561198397576589,glock,item_remove,2797,0
AVARA KÉRABA,42,76561198397576589,knife,item_remove,2797,0
rodrigaoobrabo,42,76561198421514418,knife,item_remove,2815,0
rodrigaoobrabo,61,76561198421514418,hkp2000,item_remove,2815,0
MonsTro,0,76561198340888446,vest,item_remove,2815,0
MonsTro,60,76561198340888446,m4a1,item_remove,2815,0
MonsTro,42,76561198340888446,knife,item_remove,2815,0
【﻿ＰＫ】,42,76561197996437459,knife,item_remove,2875,0
【﻿ＰＫ】,61,76561197996437459,hkp2000,item_remove,2875,0
Connan,0,76561198026214582,vest,item_remove,2875,0
Connan,1,76561198026214582,deagle,item_remove,2875,0
Connan,42,76561198026214582,knife,item_remove,2875,0
Luiz,0,76561198100001022,vest,item_remove,2881,0
Luiz,4,76561198100001022,glock,item_remove,2881,0
Luiz,42,76561198100001022,knife,item_remove,2881,0
AVARA KÉRABA,59,76561198397576589,knife,item_remove,2881,0
AVARA KÉRABA,4,76561198397576589,glock,item_remove,2881,0
Erick,10,76561198000238678,famas,item_remove,2893,0
Erick,42,76561198000238678,knife,item_remove,2893,0
Talevor,61,76561198124241179,hkp2000,item_remove,3003,0
Talevor,42,76561198124241179,knife,item_remove,3003,0
Erick,42,76561198000238678,knife,item_remove,3013,0
Erick,61,76561198000238678,hkp2000,item_remove,3013,0
Siraissi,0,76561198178993731,vest,item_remove,3013,0
Siraissi,10,76561198178993731,famas,item_remove,3013,0
Siraissi,42,76561198178993731,knife,item_remove,3013,0
Connan,13,76561198026214582,galilar,item_remove,3091,0
Connan,42,76561198026214582,knife,item_remove,3091,0
Talevor,42,76561198124241179,knife,item_remove,3103,0
Talevor,61,76561198124241179,hkp2000,item_remove,3103,0
Cujura,0,76561198051880621,vest,item_remove,3103,0
Cujura,61,76561198051880621,hkp2000,item_remove,3103,0
Cujura,520,76561198051880621,knife,item_remove,3103,0
AVARA KÉRABA,1,76561198397576589,deagle,item_remove,3153,0
AVARA KÉRABA,42,76561198397576589,knife,item_remove,3153,0
【﻿ＰＫ】,0,76561197996437459,vest,item_remove,3181,0
【﻿ＰＫ】,13,76561197996437459,galilar,item_remove,3181,0
【﻿ＰＫ】,42,76561197996437459,knife,item_remove,3181,0
Connan,59,76561198026214582,knife,item_remove,3181,0
Connan,4,76561198026214582,glock,item_remove,3181,0
Luiz,0,76561198100001022,vest,item_remove,3235,0
Luiz,1,76561198100001022,deagle,item_remove,3235,0
Luiz,42,76561198100001022,knife,item_remove,3235,0
AVARA KÉRABA,59,76561198397576589,knife,item_remove,3235,0
AVARA KÉRABA,4,76561198397576589,glock,item_remove,3235,0
rodrigaoobrabo,4,76561198421514418,glock,item_remove,3269,0
rodrigaoobrabo,42,76561198421514418,knife,item_remove,3269,0
Luiz,10,76561198100001022,famas,item_remove,3385,0
Luiz,42,76561198100001022,knife,item_remove,3385,0
MonsTro,4,76561198340888446,glock,item_remove,3393,0
【﻿ＰＫ】,7,76561197996437459,ak47,item_remove,3421,0
【﻿ＰＫ】,42,76561197996437459,knife,item_remove,3421,0
rodrigaoobrabo,42,76561198421514418,knife,item_remove,3475,0
rodrigaoobrabo,61,76561198421514418,hkp2000,item_remove,3475,0
MonsTro,0,76561198340888446,vest,item_remove,3475,0
MonsTro,4,76561198340888446,glock,item_remove,3475,0
MonsTro,42,76561198340888446,knife,item_remove,3475,0
【﻿ＰＫ】,42,76561197996437459,knife,item_remove,3499,0
【﻿ＰＫ】,61,76561197996437459,hkp2000,item_remove,3499,0
Connan,0,76561198026214582,vest,item_remove,3499,0
Connan,7,76561198026214582,ak47,item_remove,3499,0
Connan,42,76561198026214582,knife,item_remove,3499,0
Luiz,42,76561198100001022,knife,item_remove,3529,0
Luiz,32,76561198100001022,hkp2000,item_remove,3529,0
AVARA KÉRABA,0,76561198397576589,vest,item_remove,3529,0
AVARA KÉRABA,10,76561198397576589,famas,item_remove,3529,0
AVARA KÉRABA,42,76561198397576589,knife,item_remove,3529,0
Erick,60,76561198000238678,m4a1,item_remove,3591,0
Erick,42,76561198000238678,knife,item_remove,3591,0
Connan,60,76561198026214582,m4a1,item_remove,3643,0
Connan,42,76561198026214582,knife,item_remove,3643,0
Luiz,7,76561198100001022,ak47,item_remove,3651,0
Luiz,42,76561198100001022,knife,item_remove,3651,0
Cujura,9,76561198051880621,awp,item_remove,3767,0
Erick,42,76561198000238678,knife,item_remove,3793,0
Erick,61,76561198000238678,hkp2000,item_remove,3793,0
Siraissi,0,76561198178993731,vest,item_remove,3793,0
Siraissi,60,76561198178993731,m4a1,item_remove,3793,0
Siraissi,42,76561198178993731,knife,item_remove,3793,0
Siraissi,4,76561198178993731,glock,item_remove,3801,0
Talevor,9,76561198124241179,awp,item_remove,3807,0
【﻿ＰＫ】,0,76561197996437459,vest,item_remove,3847,0
【﻿ＰＫ】,60,76561197996437459,m4a1,item_remove,3847,0
【﻿ＰＫ】,42,76561197996437459,knife,item_remove,3847,0
Connan,59,76561198026214582,knife,item_remove,3847,0
Connan,4,76561198026214582,glock,item_remove,3847,0
Luiz,42,76561198100001022,knife,item_remove,3853,0
Luiz,32,76561198100001022,hkp2000,item_remove,3853,0
AVARA KÉRABA,0,76561198397576589,vest,item_remove,3853,0
AVARA KÉRABA,7,76561198397576589,ak47,item_remove,3853,0
AVARA KÉRABA,42,76561198397576589,knife,item_remove,3853,0
Talevor,9,76561198124241179,awp,item_remove,3939,0
Talevor,0,76561198124241179,vest,item_remove,3979,0
Talevor,42,76561198124241179,knife,item_remove,3979,0
Connan,0,76561198026214582,vest,item_remove,3979,0
Connan,10,76561198026214582,famas,item_remove,3979,0
Connan,42,76561198026214582,knife,item_remove,3979,0
Cujura,0,76561198051880621,vest,item_remove,3979,0
Cujura,520,76561198051880621,knife,item_remove,3979,0
Luiz,0,76561198100001022,vest,item_remove,3979,0
Luiz,10,76561198100001022,famas,item_remove,3979,0
Luiz,42,76561198100001022,knife,item_remove,3979,0
Siraissi,0,76561198178993731,vest,item_remove,3979,0
Siraissi,42,76561198178993731,knife,item_remove,3979,0
【﻿ＰＫ】,0,76561197996437459,vest,item_remove,3979,0
【﻿ＰＫ】,10,76561197996437459,famas,item_remove,3979,0
【﻿ＰＫ】,42,76561197996437459,knife,item_remove,3979,0
Erick,0,76561198000238678,vest,item_remove,3979,0
Erick,4,76561198000238678,glock,item_remove,3979,0
Erick,42,76561198000238678,knife,item_remove,3979,0
rodrigaoobrabo,0,76561198421514418,vest,item_remove,3979,0
rodrigaoobrabo,60,76561198421514418,m4a1,item_remove,3979,0
rodrigaoobrabo,42,76561198421514418,knife,item_remove,3979,0
MonsTro,0,76561198340888446,vest,item_remove,3979,0
MonsTro,60,76561198340888446,m4a1,item_remove,3979,0
MonsTro,42,76561198340888446,knife,item_remove,3979,0
AVARA KÉRABA,0,76561198397576589,vest,item_remove,3979,0
AVARA KÉRABA,10,76561198397576589,famas,item_remove,3979,0
AVARA KÉRABA,42,76561198397576589,knife,item_remove,3979,0
AVARA KÉRABA,49,76561198397576589,c4,item_remove,4159,0
MonsTro,49,76561198340888446,c4,item_remove,4523,0
Connan,4,76561198026214582,glock,item_remove,4869,0
Cujura,4,76561198051880621,glock,item_remove,5179,0
Cujura,36,76561198051880621,p250,item_remove,5539,0
AVARA KÉRABA,4,76561198397576589,glock,item_remove,5539,0
Talevor,44,76561198124241179,hegrenade,item_remove,6021,0
MonsTro,4,76561198340888446,glock,item_remove,7871,0
MonsTro,59,76561198340888446,knife,item_remove,7871,0
rodrigaoobrabo,61,76561198421514418,hkp2000,item_remove,8059,0
rodrigaoobrabo,42,76561198421514418,knife,item_remove,8059,0
【﻿ＰＫ】,44,76561197996437459,hegrenade,item_remove,8509,0
Cujura,45,76561198051880621,smokegrenade,item_remove,8885,0
AVARA KÉRABA,36,76561198397576589,p250,item_remove,9075,0
AVARA KÉRABA,59,76561198397576589,knife,item_remove,9075,0
Siraissi,49,76561198178993731,c4,item_remove,9171,0
Connan,44,76561198026214582,hegrenade,item_remove,9347,0
Cujura,43,76561198051880621,flashbang,item_remove,9395,0
【﻿ＰＫ】,43,76561197996437459,flashbang,item_remove,9879,0
Erick,61,76561198000238678,hkp2000,item_remove,10089,0
Erick,42,76561198000238678,knife,item_remove,10089,0
Cujura,4,76561198051880621,glock,item_remove,10401,0
Cujura,520,76561198051880621,knife,item_remove,10401,0
Talevor,0,76561198124241179,defuser,item_remove,10489,0
Talevor,61,76561198124241179,hkp2000,item_remove,10489,0
Talevor,42,76561198124241179,knife,item_remove,10489,0
Connan,36,76561198026214582,p250,item_remove,10555,0
Connan,43,76561198026214582,flashbang,item_remove,10555,0
Connan,59,76561198026214582,knife,item_remove,10555,0
Siraissi,4,76561198178993731,glock,item_remove,11027,0
Siraissi,59,76561198178993731,knife,item_remove,11027,0
【﻿ＰＫ】,61,76561197996437459,hkp2000,item_remove,11795,0
【﻿ＰＫ】,42,76561197996437459,knife,item_remove,11795,0
Talevor,61,76561198124241179,hkp2000,item_remove,13937,0
Luiz,32,76561198100001022,hkp2000,item_remove,14141,0
Cujura,49,76561198051880621,c4,item_remove,15861,0
AVARA KÉRABA,49,76561198397576589,c4,item_remove,15955,0
Luiz,45,76561198100001022,smokegrenade,item_remove,15961,0
Cujura,44,76561198051880621,hegrenade,item_remove,16083,0
【﻿ＰＫ】,45,76561197996437459,smokegrenade,item_remove,16121,0
Luiz,44,76561198100001022,hegrenade,item_remove,16209,0
Talevor,44,76561198124241179,hegrenade,item_remove,16221,0
MonsTro,43,76561198340888446,flashbang,item_remove,16355,0
AVARA KÉRABA,44,76561198397576589,hegrenade,item_remove,16395,0
AVARA KÉRABA,49,76561198397576589,c4,item_remove,16981,0
Talevor,43,76561198124241179,flashbang,item_remove,17203,0
AVARA KÉRABA,46,76561198397576589,molotov,item_remove,17399,0
Talevor,45,76561198124241179,smokegrenade,item_remove,17455,0
【﻿ＰＫ】,34,76561197996437459,mp9,item_remove,17483,0
Cujura,49,76561198051880621,c4,item_remove,17565,0
Talevor,1,76561198124241179,deagle,item_remove,17571,0
【﻿ＰＫ】,61,76561197996437459,hkp2000,item_remove,18031,0
MonsTro,46,76561198340888446,molotov,item_remove,18317,0
Siraissi,49,76561198178993731,c4,item_remove,18487,0
Cujura,17,76561198051880621,mac10,item_remove,18879,0
Cujura,43,76561198051880621,flashbang,item_remove,18879,0
Cujura,0,76561198051880621,vesthelm,item_remove,18879,0
Cujura,520,76561198051880621,knife,item_remove,18879,0
Cujura,4,76561198051880621,glock,item_remove,18879,0
Cujura,45,76561198051880621,smokegrenade,item_remove,18879,0
Siraissi,46,76561198178993731,molotov,item_remove,19101,0
rodrigaoobrabo,34,76561198421514418,mp9,item_remove,19419,0
rodrigaoobrabo,0,76561198421514418,vesthelm,item_remove,19419,0
rodrigaoobrabo,42,76561198421514418,knife,item_remove,19419,0
rodrigaoobrabo,61,76561198421514418,hkp2000,item_remove,19419,0
MonsTro,45,76561198340888446,smokegrenade,item_remove,20081,0
Erick,40,76561198000238678,ssg08,item_remove,20373,0
Erick,43,76561198000238678,flashbang,item_remove,20373,0
Erick,42,76561198000238678,knife,item_remove,20373,0
Erick,61,76561198000238678,hkp2000,item_remove,20373,0
Siraissi,7,76561198178993731,ak47,item_remove,20629,0
Siraissi,0,76561198178993731,vesthelm,item_remove,20629,0
Siraissi,59,76561198178993731,knife,item_remove,20629,0
Siraissi,4,76561198178993731,glock,item_remove,20629,0
AVARA KÉRABA,13,76561198397576589,galilar,item_remove,20951,0
AVARA KÉRABA,45,76561198397576589,smokegrenade,item_remove,21135,0
MonsTro,49,76561198340888446,c4,item_remove,21387,0
MonsTro,17,76561198340888446,mac10,item_remove,21711,0
MonsTro,43,76561198340888446,flashbang,item_remove,21711,0
MonsTro,0,76561198340888446,vesthelm,item_remove,21711,0
MonsTro,59,76561198340888446,knife,item_remove,21711,0
MonsTro,4,76561198340888446,glock,item_remove,21711,0
【﻿ＰＫ】,17,76561197996437459,mac10,item_remove,22153,0
【﻿ＰＫ】,0,76561197996437459,vesthelm,item_remove,22153,0
【﻿ＰＫ】,42,76561197996437459,knife,item_remove,22153,0
【﻿ＰＫ】,1,76561197996437459,deagle,item_remove,22153,0
Connan,17,76561198026214582,mac10,item_remove,22243,0
Connan,59,76561198026214582,knife,item_remove,22243,0
Connan,4,76561198026214582,glock,item_remove,22243,0
Talevor,0,76561198124241179,defuser,item_remove,22275,0
Talevor,34,76561198124241179,mp9,item_remove,22275,0
Talevor,42,76561198124241179,knife,item_remove,22275,0
Talevor,61,76561198124241179,hkp2000,item_remove,22275,0
Luiz,0,76561198100001022,defuser,item_remove,22341,0
Luiz,40,76561198100001022,ssg08,item_remove,22341,0
Luiz,43,76561198100001022,flashbang,item_remove,22341,0
Luiz,0,76561198100001022,vesthelm,item_remove,22341,0
Luiz,42,76561198100001022,knife,item_remove,22341,0
Luiz,1,76561198100001022,deagle,item_remove,22341,0
AVARA KÉRABA,7,76561198397576589,ak47,item_remove,23120,0
Luiz,32,76561198100001022,hkp2000,item_remove,23206,0
Siraissi,49,76561198178993731,c4,item_remove,23352,0
Cujura,45,76561198051880621,smokegrenade,item_remove,24506,0
AVARA KÉRABA,49,76561198397576589,c4,item_remove,24542,0
Cujura,43,76561198051880621,flashbang,item_remove,24650,0
Luiz,44,76561198100001022,hegrenade,item_remove,24798,0
MonsTro,49,76561198340888446,c4,item_remove,24818,0
Erick,43,76561198000238678,flashbang,item_remove,24870,0
MonsTro,43,76561198340888446,flashbang,item_remove,24978,0
Cujura,44,76561198051880621,hegrenade,item_remove,25128,0
Talevor,61,76561198124241179,hkp2000,item_remove,25226,0
Talevor,42,76561198124241179,knife,item_remove,25226,0
Erick,61,76561198000238678,hkp2000,item_remove,25254,0
Erick,42,76561198000238678,knife,item_remove,25254,0
MonsTro,7,76561198340888446,ak47,item_remove,25274,0
MonsTro,46,76561198340888446,molotov,item_remove,25274,0
MonsTro,0,76561198340888446,vesthelm,item_remove,25274,0
MonsTro,59,76561198340888446,knife,item_remove,25274,0
MonsTro,4,76561198340888446,glock,item_remove,25274,0
MonsTro,45,76561198340888446,smokegrenade,item_remove,25274,0
rodrigaoobrabo,61,76561198421514418,hkp2000,item_remove,25596,0
rodrigaoobrabo,42,76561198421514418,knife,item_remove,25596,0
Cujura,7,76561198051880621,ak47,item_remove,25746,0
Cujura,46,76561198051880621,molotov,item_remove,25746,0
Cujura,0,76561198051880621,vesthelm,item_remove,25746,0
Cujura,520,76561198051880621,knife,item_remove,25746,0
Cujura,4,76561198051880621,glock,item_remove,25746,0
AVARA KÉRABA,7,76561198397576589,ak47,item_remove,25830,0
Connan,7,76561198026214582,ak47,item_remove,25942,0
Connan,0,76561198026214582,vesthelm,item_remove,25942,0
Connan,59,76561198026214582,knife,item_remove,25942,0
Connan,4,76561198026214582,glock,item_remove,25942,0
Luiz,1,76561198100001022,deagle,item_remove,26026,0
Luiz,42,76561198100001022,knife,item_remove,26026,0
AVARA KÉRABA,44,76561198397576589,hegrenade,item_remove,26636,0
AVARA KÉRABA,46,76561198397576589,molotov,item_remove,27068,0
Siraissi,13,76561198178993731,galilar,item_remove,27140,0
AVARA KÉRABA,43,76561198397576589,flashbang,item_remove,27208,0
AVARA KÉRABA,45,76561198397576589,smokegrenade,item_remove,27570,0
【﻿ＰＫ】,61,76561197996437459,hkp2000,item_remove,27882,0
【﻿ＰＫ】,42,76561197996437459,knife,item_remove,27882,0
AVARA KÉRABA,7,76561198397576589,ak47,item_remove,28184,0
AVARA KÉRABA,7,76561198397576589,ak47,item_remove,28569,0
MonsTro,49,76561198340888446,c4,item_remove,28661,0
Connan,7,76561198026214582,ak47,item_remove,28933,0
Cujura,45,76561198051880621,smokegrenade,item_remove,30059,0
Siraissi,44,76561198178993731,hegrenade,item_remove,30219,0
AVARA KÉRABA,44,76561198397576589,hegrenade,item_remove,30263,0
【﻿ＰＫ】,45,76561197996437459,smokegrenade,item_remove,30445,0
AVARA KÉRABA,43,76561198397576589,flashbang,item_remove,30623,0
【﻿ＰＫ】,43,76561197996437459,flashbang,item_remove,30629,0
Talevor,48,76561198124241179,incgrenade,item_remove,30971,0
Cujura,43,76561198051880621,flashbang,item_remove,31127,0
rodrigaoobrabo,43,76561198421514418,flashbang,item_remove,31511,0
AVARA KÉRABA,46,76561198397576589,molotov,item_remove,31697,0
Cujura,46,76561198051880621,molotov,item_remove,31989,0
Erick,48,76561198000238678,incgrenade,item_remove,32109,0
Luiz,48,76561198100001022,incgrenade,item_remove,32253,0
Luiz,45,76561198100001022,smokegrenade,item_remove,32405,0
Talevor,43,76561198124241179,flashbang,item_remove,32489,0
MonsTro,45,76561198340888446,smokegrenade,item_remove,32797,0
Erick,45,76561198000238678,smokegrenade,item_remove,33031,0
Siraissi,43,76561198178993731,flashbang,item_remove,33147,0
Siraissi,46,76561198178993731,molotov,item_remove,33469,0
AVARA KÉRABA,7,76561198397576589,ak47,item_remove,33817,0
AVARA KÉRABA,45,76561198397576589,smokegrenade,item_remove,33817,0
AVARA KÉRABA,0,76561198397576589,vesthelm,item_remove,33817,0
AVARA KÉRABA,59,76561198397576589,knife,item_remove,33817,0
AVARA KÉRABA,4,76561198397576589,glock,item_remove,33817,0
MonsTro,7,76561198340888446,ak47,item_remove,33847,0
MonsTro,43,76561198340888446,flashbang,item_remove,33847,0
MonsTro,0,76561198340888446,vesthelm,item_remove,33847,0
MonsTro,59,76561198340888446,knife,item_remove,33847,0
MonsTro,4,76561198340888446,glock,item_remove,33847,0
MonsTro,46,76561198340888446,molotov,item_remove,33847,0
Luiz,16,76561198100001022,m4a1,item_remove,33981,0
Luiz,0,76561198100001022,vesthelm,item_remove,33981,0
Luiz,42,76561198100001022,knife,item_remove,33981,0
Luiz,32,76561198100001022,hkp2000,item_remove,33981,0
Luiz,43,76561198100001022,flashbang,item_remove,33981,0
Erick,60,76561198000238678,m4a1,item_remove,34081,0
Erick,43,76561198000238678,flashbang,item_remove,34081,0
Erick,42,76561198000238678,knife,item_remove,34081,0
Erick,61,76561198000238678,hkp2000,item_remove,34081,0
rodrigaoobrabo,9,76561198421514418,awp,item_remove,34243,0
rodrigaoobrabo,0,76561198421514418,vesthelm,item_remove,34243,0
rodrigaoobrabo,42,76561198421514418,knife,item_remove,34243,0
rodrigaoobrabo,61,76561198421514418,hkp2000,item_remove,34243,0
【﻿ＰＫ】,44,76561197996437459,hegrenade,item_remove,34513,0
Connan,49,76561198026214582,c4,item_remove,34799,0
Cujura,44,76561198051880621,hegrenade,item_remove,34803,0
Connan,43,76561198026214582,flashbang,item_remove,35273,0
Siraissi,45,76561198178993731,smokegrenade,item_remove,35297,0
Talevor,0,76561198124241179,defuser,item_remove,35617,0
Talevor,16,76561198124241179,m4a1,item_remove,35617,0
Talevor,0,76561198124241179,vesthelm,item_remove,35617,0
Talevor,42,76561198124241179,knife,item_remove,35617,0
Talevor,61,76561198124241179,hkp2000,item_remove,35617,0
Connan,7,76561198026214582,ak47,item_remove,35729,0
Connan,0,76561198026214582,vesthelm,item_remove,35729,0
Connan,59,76561198026214582,knife,item_remove,35729,0
Connan,4,76561198026214582,glock,item_remove,35729,0
【﻿ＰＫ】,0,76561197996437459,defuser,item_remove,35741,0
【﻿ＰＫ】,16,76561197996437459,m4a1,item_remove,35741,0
【﻿ＰＫ】,0,76561197996437459,vesthelm,item_remove,35741,0
【﻿ＰＫ】,42,76561197996437459,knife,item_remove,35741,0
【﻿ＰＫ】,61,76561197996437459,hkp2000,item_remove,35741,0
【﻿ＰＫ】,61,76561197996437459,hkp2000,item_remove,36560,0
Luiz,32,76561198100001022,hkp2000,item_remove,36602,0
Siraissi,7,76561198178993731,ak47,item_remove,36782,0
Talevor,61,76561198124241179,hkp2000,item_remove,36850,0
rodrigaoobrabo,61,76561198421514418,hkp2000,item_remove,37160,0
Siraissi,44,76561198178993731,hegrenade,item_remove,38092,0
Cujura,44,76561198051880621,hegrenade,item_remove,38124,0
Luiz,44,76561198100001022,hegrenade,item_remove,38124,0
AVARA KÉRABA,44,76561198397576589,hegrenade,item_remove,38154,0
MonsTro,46,76561198340888446,molotov,item_remove,38198,0
Cujura,43,76561198051880621,flashbang,item_remove,38284,0
Erick,43,76561198000238678,flashbang,item_remove,38294,0
MonsTro,45,76561198340888446,smokegrenade,item_remove,38462,0
MonsTro,7,76561198340888446,ak47,item_remove,38708,0
MonsTro,43,76561198340888446,flashbang,item_remove,38708,0
MonsTro,0,76561198340888446,vesthelm,item_remove,38708,0
MonsTro,59,76561198340888446,knife,item_remove,38708,0
MonsTro,4,76561198340888446,glock,item_remove,38708,0
Cujura,7,76561198051880621,ak47,item_remove,39044,0
Cujura,46,76561198051880621,molotov,item_remove,39044,0
Cujura,0,76561198051880621,vesthelm,item_remove,39044,0
Cujura,520,76561198051880621,knife,item_remove,39044,0
Cujura,4,76561198051880621,glock,item_remove,39044,0
Cujura,45,76561198051880621,smokegrenade,item_remove,39044,0
rodrigaoobrabo,31,76561198421514418,taser,item_remove,39174,0
rodrigaoobrabo,7,76561198421514418,ak47,item_remove,39174,0
rodrigaoobrabo,46,76561198421514418,molotov,item_remove,39174,0
rodrigaoobrabo,42,76561198421514418,knife,item_remove,39174,0
rodrigaoobrabo,63,76561198421514418,p250,item_remove,39174,0
【﻿ＰＫ】,64,76561197996437459,deagle,item_remove,39220,0
AVARA KÉRABA,46,76561198397576589,molotov,item_remove,39272,0
AVARA KÉRABA,43,76561198397576589,flashbang,item_remove,39844,0
【﻿ＰＫ】,45,76561197996437459,smokegrenade,item_remove,41140,0
Talevor,36,76561198124241179,p250,item_remove,41620,0
Talevor,42,76561198124241179,knife,item_remove,41620,0
AVARA KÉRABA,4,76561198397576589,glock,item_remove,41872,0
Erick,34,76561198000238678,mp9,item_remove,42610,0
Erick,42,76561198000238678,knife,item_remove,42610,0
Erick,61,76561198000238678,hkp2000,item_remove,42610,0
AVARA KÉRABA,45,76561198397576589,smokegrenade,item_remove,43178,0
【﻿ＰＫ】,7,76561197996437459,ak47,item_remove,43218,0
【﻿ＰＫ】,0,76561197996437459,vesthelm,item_remove,43218,0
【﻿ＰＫ】,42,76561197996437459,knife,item_remove,43218,0
【﻿ＰＫ】,64,76561197996437459,deagle,item_remove,43218,0
Siraissi,45,76561198178993731,smokegrenade,item_remove,43532,0
Connan,49,76561198026214582,c4,item_remove,43674,0
Luiz,46,76561198100001022,molotov,item_remove,43716,0
Connan,7,76561198026214582,ak47,item_remove,43896,0
Connan,0,76561198026214582,vesthelm,item_remove,43896,0
Connan,59,76561198026214582,knife,item_remove,43896,0
Connan,4,76561198026214582,glock,item_remove,43896,0
Siraissi,7,76561198178993731,ak47,item_remove,44358,0
Siraissi,43,76561198178993731,flashbang,item_remove,44358,0
Siraissi,0,76561198178993731,vesthelm,item_remove,44358,0
Siraissi,59,76561198178993731,knife,item_remove,44358,0
Siraissi,4,76561198178993731,glock,item_remove,44358,0
Siraissi,46,76561198178993731,molotov,item_remove,44358,0
AVARA KÉRABA,7,76561198397576589,ak47,item_remove,44520,0
AVARA KÉRABA,0,76561198397576589,vesthelm,item_remove,44520,0
AVARA KÉRABA,59,76561198397576589,knife,item_remove,44520,0
AVARA KÉRABA,36,76561198397576589,p250,item_remove,44520,0
AVARA KÉRABA,49,76561198397576589,c4,item_remove,46006,0
rodrigaoobrabo,61,76561198421514418,hkp2000,item_remove,46128,0
AVARA KÉRABA,7,76561198397576589,ak47,item_remove,46488,0
Cujura,49,76561198051880621,c4,item_remove,46698,0
MonsTro,49,76561198340888446,c4,item_remove,47242,0
Luiz,45,76561198100001022,smokegrenade,item_remove,47432,0
Cujura,49,76561198051880621,c4,item_remove,47462,0
MonsTro,44,76561198340888446,hegrenade,item_remove,47570,0
Erick,48,76561198000238678,incgrenade,item_remove,47638,0
Siraissi,44,76561198178993731,hegrenade,item_remove,47714,0
Siraissi,7,76561198178993731,ak47,item_remove,47794,0
Siraissi,46,76561198178993731,molotov,item_remove,47794,0
Siraissi,0,76561198178993731,vesthelm,item_remove,47794,0
Siraissi,59,76561198178993731,knife,item_remove,47794,0
Siraissi,4,76561198178993731,glock,item_remove,47794,0
Siraissi,45,76561198178993731,smokegrenade,item_remove,47794,0
Siraissi,43,76561198178993731,flashbang,item_remove,47794,0
Talevor,48,76561198124241179,incgrenade,item_remove,47800,0
MonsTro,43,76561198340888446,flashbang,item_remove,47852,0
AVARA KÉRABA,49,76561198397576589,c4,item_remove,47894,0
【﻿ＰＫ】,45,76561197996437459,smokegrenade,item_remove,47908,0
【﻿ＰＫ】,43,76561197996437459,flashbang,item_remove,48556,0
Luiz,43,76561198100001022,flashbang,item_remove,48676,0
Talevor,45,76561198124241179,smokegrenade,item_remove,49070,0
MonsTro,46,76561198340888446,molotov,item_remove,49142,0
Erick,45,76561198000238678,smokegrenade,item_remove,49258,0
Connan,49,76561198026214582,c4,item_remove,49272,0
AVARA KÉRABA,43,76561198397576589,flashbang,item_remove,49500,0
【﻿ＰＫ】,44,76561197996437459,hegrenade,item_remove,49618,0
rodrigaoobrabo,45,76561198421514418,smokegrenade,item_remove,49642,0
AVARA KÉRABA,49,76561198397576589,c4,item_remove,51072,0
Luiz,48,76561198100001022,incgrenade,item_remove,51536,0
Erick,43,76561198000238678,flashbang,item_remove,51754,0
Luiz,31,76561198100001022,taser,item_remove,52024,0
Cujura,45,76561198051880621,smokegrenade,item_remove,52878,0
Talevor,43,76561198124241179,flashbang,item_remove,53030,0
AVARA KÉRABA,46,76561198397576589,molotov,item_remove,53042,0
MonsTro,45,76561198340888446,smokegrenade,item_remove,53178,0
Connan,49,76561198026214582,c4,item_remove,53296,0
Connan,7,76561198026214582,ak47,item_remove,53296,0
Connan,59,76561198026214582,knife,item_remove,53296,0
Connan,4,76561198026214582,glock,item_remove,53296,0
MonsTro,7,76561198340888446,ak47,item_remove,53308,0
MonsTro,0,76561198340888446,vesthelm,item_remove,53308,0
MonsTro,59,76561198340888446,knife,item_remove,53308,0
MonsTro,4,76561198340888446,glock,item_remove,53308,0
AVARA KÉRABA,7,76561198397576589,ak47,item_remove,53362,0
AVARA KÉRABA,0,76561198397576589,vesthelm,item_remove,53362,0
AVARA KÉRABA,59,76561198397576589,knife,item_remove,53362,0
AVARA KÉRABA,4,76561198397576589,glock,item_remove,53362,0
Talevor,16,76561198124241179,m4a1,item_remove,53404,0
Talevor,0,76561198124241179,vesthelm,item_remove,53404,0
Talevor,42,76561198124241179,knife,item_remove,53404,0
Talevor,61,76561198124241179,hkp2000,item_remove,53404,0
Erick,44,76561198000238678,hegrenade,item_remove,53468,0
Luiz,0,76561198100001022,defuser,item_remove,53518,0
Luiz,7,76561198100001022,ak47,item_remove,53518,0
Luiz,0,76561198100001022,vesthelm,item_remove,53518,0
Luiz,42,76561198100001022,knife,item_remove,53518,0
Luiz,1,76561198100001022,deagle,item_remove,53518,0
Cujura,7,76561198051880621,ak47,item_remove,53528,0
Cujura,43,76561198051880621,flashbang,item_remove,53528,0
Cujura,0,76561198051880621,vesthelm,item_remove,53528,0
Cujura,520,76561198051880621,knife,item_remove,53528,0
Cujura,4,76561198051880621,glock,item_remove,53528,0
Cujura,44,76561198051880621,hegrenade,item_remove,53528,0
【﻿ＰＫ】,16,76561197996437459,m4a1,item_remove,53712,0
Erick,48,76561198000238678,incgrenade,item_remove,54957,0
Siraissi,4,76561198178993731,glock,item_remove,55287,0
MonsTro,4,76561198340888446,glock,item_remove,55539,0
Luiz,45,76561198100001022,smokegrenade,item_remove,55787,0
Erick,44,76561198000238678,hegrenade,item_remove,55913,0
Cujura,43,76561198051880621,flashbang,item_remove,56019,0
Luiz,48,76561198100001022,incgrenade,item_remove,56021,0
Talevor,48,76561198124241179,incgrenade,item_remove,56075,0
Erick,43,76561198000238678,flashbang,item_remove,57455,0
Cujura,45,76561198051880621,smokegrenade,item_remove,57565,0
Connan,4,76561198026214582,glock,item_remove,57573,0
Connan,59,76561198026214582,knife,item_remove,57573,0
Talevor,43,76561198124241179,flashbang,item_remove,57659,0
Cujura,49,76561198051880621,c4,item_remove,57721,0
Cujura,4,76561198051880621,glock,item_remove,57721,0
Cujura,520,76561198051880621,knife,item_remove,57721,0
Erick,45,76561198000238678,smokegrenade,item_remove,57917,0
Luiz,43,76561198100001022,flashbang,item_remove,58021,0
rodrigaoobrabo,44,76561198421514418,hegrenade,item_remove,58415,0
AVARA KÉRABA,49,76561198397576589,c4,item_remove,58623,0
AVARA KÉRABA,4,76561198397576589,glock,item_remove,58623,0
AVARA KÉRABA,59,76561198397576589,knife,item_remove,58623,0
【﻿ＰＫ】,44,76561197996437459,hegrenade,item_remove,58675,0
MonsTro,30,76561198340888446,tec9,item_remove,58853,0
MonsTro,59,76561198340888446,knife,item_remove,58853,0
Luiz,0,76561198100001022,defuser,item_remove,59167,0
Luiz,16,76561198100001022,m4a1,item_remove,59167,0
Luiz,0,76561198100001022,vesthelm,item_remove,59167,0
Luiz,42,76561198100001022,knife,item_remove,59167,0
Luiz,32,76561198100001022,hkp2000,item_remove,59167,0
Siraissi,30,76561198178993731,tec9,item_remove,59243,0
Siraissi,59,76561198178993731,knife,item_remove,59243,0
Erick,60,76561198000238678,m4a1,item_remove,59445,0
Talevor,61,76561198124241179,hkp2000,item_remove,59675,0
Erick,16,76561198000238678,m4a1,item_remove,59856,0
Siraissi,49,76561198178993731,c4,item_remove,61380,0
Luiz,45,76561198100001022,smokegrenade,item_remove,61412,0
MonsTro,47,76561198340888446,decoy,item_remove,61512,0
MonsTro,7,76561198340888446,ak47,item_remove,61538,0
AVARA KÉRABA,45,76561198397576589,smokegrenade,item_remove,61630,0
Siraissi,44,76561198178993731,hegrenade,item_remove,61650,0
MonsTro,49,76561198340888446,c4,item_remove,61712,0
Talevor,48,76561198124241179,incgrenade,item_remove,61714,0
【﻿ＰＫ】,45,76561197996437459,smokegrenade,item_remove,61738,0
Luiz,48,76561198100001022,incgrenade,item_remove,61772,0
Erick,48,76561198000238678,incgrenade,item_remove,62314,0
Cujura,49,76561198051880621,c4,item_remove,62572,0
rodrigaoobrabo,43,76561198421514418,flashbang,item_remove,62584,0
Cujura,43,76561198051880621,flashbang,item_remove,63040,0
Erick,45,76561198000238678,smokegrenade,item_remove,63192,0
MonsTro,43,76561198340888446,flashbang,item_remove,64368,0
Erick,44,76561198000238678,hegrenade,item_remove,64374,0
【﻿ＰＫ】,44,76561197996437459,hegrenade,item_remove,64710,0
Talevor,45,76561198124241179,smokegrenade,item_remove,64880,0
AVARA KÉRABA,46,76561198397576589,molotov,item_remove,65500,0
Luiz,43,76561198100001022,flashbang,item_remove,65660,0
rodrigaoobrabo,45,76561198421514418,smokegrenade,item_remove,65784,0
Talevor,43,76561198124241179,flashbang,item_remove,65900,0
【﻿ＰＫ】,43,76561197996437459,flashbang,item_remove,65922,0
Erick,43,76561198000238678,flashbang,item_remove,66306,0
Siraissi,45,76561198178993731,smokegrenade,item_remove,66812,0
Talevor,0,76561198124241179,defuser,item_remove,66834,0
Talevor,16,76561198124241179,m4a1,item_remove,66834,0
Talevor,0,76561198124241179,vesthelm,item_remove,66834,0
Talevor,42,76561198124241179,knife,item_remove,66834,0
Talevor,4,76561198124241179,glock,item_remove,66834,0
Siraissi,46,76561198178993731,molotov,item_remove,66992,0
【﻿ＰＫ】,0,76561197996437459,defuser,item_remove,67226,0
【﻿ＰＫ】,7,76561197996437459,ak47,item_remove,67226,0
【﻿ＰＫ】,0,76561197996437459,vesthelm,item_remove,67226,0
【﻿ＰＫ】,42,76561197996437459,knife,item_remove,67226,0
【﻿ＰＫ】,61,76561197996437459,hkp2000,item_remove,67226,0
Cujura,7,76561198051880621,ak47,item_remove,67232,0
Cujura,45,76561198051880621,smokegrenade,item_remove,67232,0
Cujura,0,76561198051880621,vesthelm,item_remove,67232,0
Cujura,520,76561198051880621,knife,item_remove,67232,0
Cujura,4,76561198051880621,glock,item_remove,67232,0
MonsTro,7,76561198340888446,ak47,item_remove,67478,0
MonsTro,0,76561198340888446,vesthelm,item_remove,67478,0
MonsTro,59,76561198340888446,knife,item_remove,67478,0
MonsTro,4,76561198340888446,glock,item_remove,67478,0
Erick,0,76561198000238678,defuser,item_remove,67520,0
Erick,60,76561198000238678,m4a1,item_remove,67520,0
Erick,0,76561198000238678,vesthelm,item_remove,67520,0
Erick,42,76561198000238678,knife,item_remove,67520,0
Erick,61,76561198000238678,hkp2000,item_remove,67520,0
Connan,49,76561198026214582,c4,item_remove,67846,0
rodrigaoobrabo,44,76561198421514418,hegrenade,item_remove,68138,0
rodrigaoobrabo,48,76561198421514418,incgrenade,item_remove,68306,0
Connan,7,76561198026214582,ak47,item_remove,68938,0
Connan,0,76561198026214582,vesthelm,item_remove,68938,0
Connan,59,76561198026214582,knife,item_remove,68938,0
Connan,4,76561198026214582,glock,item_remove,68938,0
AVARA KÉRABA,7,76561198397576589,ak47,item_remove,69078,0
AVARA KÉRABA,0,76561198397576589,vesthelm,item_remove,69078,0
AVARA KÉRABA,59,76561198397576589,knife,item_remove,69078,0
AVARA KÉRABA,4,76561198397576589,glock,item_remove,69078,0
Luiz,0,76561198100001022,defuser,item_remove,69492,0
Luiz,16,76561198100001022,m4a1,item_remove,69492,0
Luiz,0,76561198100001022,vesthelm,item_remove,69492,0
Luiz,42,76561198100001022,knife,item_remove,69492,0
Luiz,32,76561198100001022,hkp2000,item_remove,69492,0
rodrigaoobrabo,0,76561198421514418,defuser,item_remove,69624,0
rodrigaoobrabo,9,76561198421514418,awp,item_remove,69624,0
rodrigaoobrabo,0,76561198421514418,vesthelm,item_remove,69624,0
rodrigaoobrabo,42,76561198421514418,knife,item_remove,69624,0
rodrigaoobrabo,36,76561198421514418,p250,item_remove,69624,0
MonsTro,49,76561198340888446,c4,item_remove,70277,0
Luiz,45,76561198100001022,smokegrenade,item_remove,71857,0
AVARA KÉRABA,44,76561198397576589,hegrenade,item_remove,72013,0
Cujura,44,76561198051880621,hegrenade,item_remove,72035,0
Siraissi,44,76561198178993731,hegrenade,item_remove,72081,0
Luiz,44,76561198100001022,hegrenade,item_remove,72141,0
AVARA KÉRABA,43,76561198397576589,flashbang,item_remove,72371,0
Cujura,43,76561198051880621,flashbang,item_remove,72787,0
rodrigaoobrabo,9,76561198421514418,awp,item_remove,73095,0
rodrigaoobrabo,43,76561198421514418,flashbang,item_remove,73095,0
rodrigaoobrabo,0,76561198421514418,vesthelm,item_remove,73095,0
rodrigaoobrabo,42,76561198421514418,knife,item_remove,73095,0
rodrigaoobrabo,61,76561198421514418,hkp2000,item_remove,73095,0
rodrigaoobrabo,45,76561198421514418,smokegrenade,item_remove,73095,0
rodrigaoobrabo,48,76561198421514418,incgrenade,item_remove,73095,0
rodrigaoobrabo,44,76561198421514418,hegrenade,item_remove,73095,0
Cujura,17,76561198051880621,mac10,item_remove,73147,0
Cujura,4,76561198051880621,glock,item_remove,73161,0
Cujura,45,76561198051880621,smokegrenade,item_remove,73161,0
Cujura,0,76561198051880621,vesthelm,item_remove,73161,0
Cujura,520,76561198051880621,knife,item_remove,73161,0
Luiz,16,76561198100001022,m4a1,item_remove,73521,0
Luiz,43,76561198100001022,flashbang,item_remove,73521,0
Luiz,42,76561198100001022,knife,item_remove,73521,0
Luiz,32,76561198100001022,hkp2000,item_remove,73521,0
MonsTro,13,76561198340888446,galilar,item_remove,73683,0
Erick,43,76561198000238678,flashbang,item_remove,73869,0
Erick,45,76561198000238678,smokegrenade,item_remove,74103,0
AVARA KÉRABA,13,76561198397576589,galilar,item_remove,74237,0
AVARA KÉRABA,0,76561198397576589,vesthelm,item_remove,74237,0
AVARA KÉRABA,59,76561198397576589,knife,item_remove,74237,0
AVARA KÉRABA,4,76561198397576589,glock,item_remove,74237,0
【﻿ＰＫ】,45,76561197996437459,smokegrenade,item_remove,74251,0
Erick,60,76561198000238678,m4a1,item_remove,74355,0
Erick,44,76561198000238678,hegrenade,item_remove,74355,0
Erick,42,76561198000238678,knife,item_remove,74355,0
Erick,61,76561198000238678,hkp2000,item_remove,74355,0
【﻿ＰＫ】,44,76561197996437459,hegrenade,item_remove,74469,0
MonsTro,45,76561198340888446,smokegrenade,item_remove,74575,0
Siraissi,7,76561198178993731,ak47,item_remove,74681,0
Siraissi,46,76561198178993731,molotov,item_remove,74681,0
Siraissi,0,76561198178993731,vesthelm,item_remove,74681,0
Siraissi,59,76561198178993731,knife,item_remove,74681,0
Siraissi,4,76561198178993731,glock,item_remove,74681,0
Siraissi,45,76561198178993731,smokegrenade,item_remove,74681,0
Siraissi,43,76561198178993731,flashbang,item_remove,74681,0
【﻿ＰＫ】,16,76561197996437459,m4a1,item_remove,74745,0
【﻿ＰＫ】,43,76561197996437459,flashbang,item_remove,74745,0
【﻿ＰＫ】,0,76561197996437459,vesthelm,item_remove,74745,0
【﻿ＰＫ】,42,76561197996437459,knife,item_remove,74745,0
【﻿ＰＫ】,61,76561197996437459,hkp2000,item_remove,74745,0
Talevor,16,76561198124241179,m4a1,item_remove,75079,0
Talevor,42,76561198124241179,knife,item_remove,75079,0
Talevor,61,76561198124241179,hkp2000,item_remove,75079,0
Connan,49,76561198026214582,c4,item_remove,75085,0
Connan,7,76561198026214582,ak47,item_remove,75259,0
Talevor,61,76561198124241179,hkp2000,item_remove,76099,0
Luiz,32,76561198100001022,hkp2000,item_remove,76169,0
MonsTro,4,76561198340888446,glock,item_remove,76323,0
Erick,61,76561198000238678,hkp2000,item_remove,76433,0
Cujura,45,76561198051880621,smokegrenade,item_remove,77243,0
Siraissi,44,76561198178993731,hegrenade,item_remove,77439,0
Cujura,44,76561198051880621,hegrenade,item_remove,77633,0
Luiz,43,76561198100001022,flashbang,item_remove,77713,0
Luiz,1,76561198100001022,deagle,item_remove,78051,0
Luiz,42,76561198100001022,knife,item_remove,78051,0
AVARA KÉRABA,46,76561198397576589,molotov,item_remove,78345,0
Cujura,43,76561198051880621,flashbang,item_remove,78601,0
AVARA KÉRABA,43,76561198397576589,flashbang,item_remove,79161,0
Cujura,46,76561198051880621,molotov,item_remove,79181,0
MonsTro,43,76561198340888446,flashbang,item_remove,79253,0
Erick,3,76561198000238678,fiveseven,item_remove,79421,0
Erick,42,76561198000238678,knife,item_remove,79421,0
AVARA KÉRABA,44,76561198397576589,hegrenade,item_remove,79577,0
AVARA KÉRABA,45,76561198397576589,smokegrenade,item_remove,79777,0
Siraissi,43,76561198178993731,flashbang,item_remove,79795,0
rodrigaoobrabo,31,76561198421514418,taser,item_remove,80351,0
rodrigaoobrabo,61,76561198421514418,hkp2000,item_remove,80351,0
rodrigaoobrabo,42,76561198421514418,knife,item_remove,80351,0
Talevor,36,76561198124241179,p250,item_remove,81037,0
Talevor,42,76561198124241179,knife,item_remove,81037,0
Connan,49,76561198026214582,c4,item_remove,81275,0
【﻿ＰＫ】,31,76561197996437459,taser,item_remove,82055,0
【﻿ＰＫ】,34,76561197996437459,mp9,item_remove,82055,0
【﻿ＰＫ】,42,76561197996437459,knife,item_remove,82055,0
【﻿ＰＫ】,61,76561197996437459,hkp2000,item_remove,82055,0
AVARA KÉRABA,49,76561198397576589,c4,item_remove,82630,0
rodrigaoobrabo,60,76561198421514418,m4a1,item_remove,83072,0
【﻿ＰＫ】,9,76561197996437459,awp,item_remove,83106,0
rodrigaoobrabo,61,76561198421514418,hkp2000,item_remove,83186,0
Cujura,45,76561198051880621,smokegrenade,item_remove,84284,0
Luiz,45,76561198100001022,smokegrenade,item_remove,84324,0
AVARA KÉRABA,44,76561198397576589,hegrenade,item_remove,84374,0
Siraissi,44,76561198178993731,hegrenade,item_remove,84414,0
【﻿ＰＫ】,45,76561197996437459,smokegrenade,item_remove,84550,0
Talevor,44,76561198124241179,hegrenade,item_remove,84566,0
Luiz,44,76561198100001022,hegrenade,item_remove,84578,0
AVARA KÉRABA,43,76561198397576589,flashbang,item_remove,84672,0
Cujura,49,76561198051880621,c4,item_remove,84978,0
AVARA KÉRABA,46,76561198397576589,molotov,item_remove,85346,0
Cujura,44,76561198051880621,hegrenade,item_remove,85734,0
Erick,43,76561198000238678,flashbang,item_remove,86028,0
MonsTro,43,76561198340888446,flashbang,item_remove,86188,0
Cujura,7,76561198051880621,ak47,item_remove,86198,0
Cujura,46,76561198051880621,molotov,item_remove,86198,0
Cujura,0,76561198051880621,vesthelm,item_remove,86198,0
Cujura,520,76561198051880621,knife,item_remove,86198,0
Cujura,4,76561198051880621,glock,item_remove,86198,0
Cujura,43,76561198051880621,flashbang,item_remove,86198,0
rodrigaoobrabo,44,76561198421514418,hegrenade,item_remove,86302,0
Siraissi,43,76561198178993731,flashbang,item_remove,86302,0
AVARA KÉRABA,45,76561198397576589,smokegrenade,item_remove,86706,0
Talevor,45,76561198124241179,smokegrenade,item_remove,86706,0
【﻿ＰＫ】,43,76561197996437459,flashbang,item_remove,86872,0
MonsTro,46,76561198340888446,molotov,item_remove,87158,0
Talevor,43,76561198124241179,flashbang,item_remove,87520,0
MonsTro,49,76561198340888446,c4,item_remove,87884,0
Erick,45,76561198000238678,smokegrenade,item_remove,88072,0
rodrigaoobrabo,45,76561198421514418,smokegrenade,item_remove,88672,0
【﻿ＰＫ】,44,76561197996437459,hegrenade,item_remove,89866,0
Erick,44,76561198000238678,hegrenade,item_remove,89988,0
Siraissi,46,76561198178993731,molotov,item_remove,90046,0
Erick,0,76561198000238678,defuser,item_remove,90126,0
Erick,60,76561198000238678,m4a1,item_remove,90126,0
Erick,48,76561198000238678,incgrenade,item_remove,90126,0
Erick,42,76561198000238678,knife,item_remove,90126,0
Erick,61,76561198000238678,hkp2000,item_remove,90126,0
MonsTro,49,76561198340888446,c4,item_remove,90508,0
MonsTro,31,76561198340888446,taser,item_remove,90508,0
MonsTro,9,76561198340888446,awp,item_remove,90508,0
MonsTro,45,76561198340888446,smokegrenade,item_remove,90508,0
MonsTro,0,76561198340888446,vesthelm,item_remove,90508,0
MonsTro,59,76561198340888446,knife,item_remove,90508,0
MonsTro,36,76561198340888446,p250,item_remove,90508,0
rodrigaoobrabo,9,76561198421514418,awp,item_remove,90554,0
rodrigaoobrabo,48,76561198421514418,incgrenade,item_remove,90554,0
rodrigaoobrabo,0,76561198421514418,vesthelm,item_remove,90554,0
rodrigaoobrabo,42,76561198421514418,knife,item_remove,90554,0
rodrigaoobrabo,36,76561198421514418,p250,item_remove,90554,0
Connan,7,76561198026214582,ak47,item_remove,90814,0
Talevor,0,76561198124241179,defuser,item_remove,90844,0
Talevor,16,76561198124241179,m4a1,item_remove,90844,0
Talevor,42,76561198124241179,knife,item_remove,90844,0
Talevor,61,76561198124241179,hkp2000,item_remove,90844,0
Siraissi,7,76561198178993731,ak47,item_remove,90862,0
Siraissi,45,76561198178993731,smokegrenade,item_remove,90862,0
Siraissi,0,76561198178993731,vesthelm,item_remove,90862,0
Siraissi,59,76561198178993731,knife,item_remove,90862,0
Siraissi,4,76561198178993731,glock,item_remove,90862,0
Connan,9,76561198026214582,awp,item_remove,91038,0
Luiz,45,76561198100001022,smokegrenade,item_remove,93277,0
Cujura,49,76561198051880621,c4,item_remove,93351,0
Luiz,43,76561198100001022,flashbang,item_remove,93381,0
AVARA KÉRABA,44,76561198397576589,hegrenade,item_remove,93477,0
Siraissi,44,76561198178993731,hegrenade,item_remove,93549,0
Cujura,49,76561198051880621,c4,item_remove,93559,0
Luiz,44,76561198100001022,hegrenade,item_remove,93623,0
MonsTro,46,76561198340888446,molotov,item_remove,93735,0
AVARA KÉRABA,43,76561198397576589,flashbang,item_remove,93851,0
Luiz,48,76561198100001022,incgrenade,item_remove,93889,0
Erick,45,76561198000238678,smokegrenade,item_remove,94035,0
rodrigaoobrabo,43,76561198421514418,flashbang,item_remove,94365,0
Cujura,7,76561198051880621,ak47,item_remove,94543,0
Cujura,46,76561198051880621,molotov,item_remove,94543,0
Cujura,0,76561198051880621,vesthelm,item_remove,94543,0
Cujura,520,76561198051880621,knife,item_remove,94543,0
Cujura,4,76561198051880621,glock,item_remove,94543,0
Cujura,44,76561198051880621,hegrenade,item_remove,94543,0
Cujura,43,76561198051880621,flashbang,item_remove,94543,0
Cujura,45,76561198051880621,smokegrenade,item_remove,94543,0
MonsTro,7,76561198340888446,ak47,item_remove,94551,0
MonsTro,45,76561198340888446,smokegrenade,item_remove,94551,0
MonsTro,0,76561198340888446,vesthelm,item_remove,94551,0
MonsTro,59,76561198340888446,knife,item_remove,94551,0
MonsTro,4,76561198340888446,glock,item_remove,94551,0
MonsTro,43,76561198340888446,flashbang,item_remove,94551,0
rodrigaoobrabo,34,76561198421514418,mp9,item_remove,94681,0
rodrigaoobrabo,48,76561198421514418,incgrenade,item_remove,94923,0
Siraissi,7,76561198178993731,ak47,item_remove,94935,0
Siraissi,46,76561198178993731,molotov,item_remove,94935,0
Siraissi,0,76561198178993731,vesthelm,item_remove,94935,0
Siraissi,59,76561198178993731,knife,item_remove,94935,0
Siraissi,4,76561198178993731,glock,item_remove,94935,0
Siraissi,45,76561198178993731,smokegrenade,item_remove,94935,0
Siraissi,43,76561198178993731,flashbang,item_remove,94935,0
Erick,43,76561198000238678,flashbang,item_remove,95117,0
rodrigaoobrabo,7,76561198421514418,ak47,item_remove,96205,0
rodrigaoobrabo,46,76561198421514418,molotov,item_remove,96205,0
rodrigaoobrabo,0,76561198421514418,vesthelm,item_remove,96205,0
rodrigaoobrabo,42,76561198421514418,knife,item_remove,96205,0
rodrigaoobrabo,61,76561198421514418,hkp2000,item_remove,96205,0
rodrigaoobrabo,44,76561198421514418,hegrenade,item_remove,96205,0
【﻿ＰＫ】,43,76561197996437459,flashbang,item_remove,96403,0
AVARA KÉRABA,49,76561198397576589,c4,item_remove,98045,0
AVARA KÉRABA,31,76561198397576589,taser,item_remove,98045,0
AVARA KÉRABA,7,76561198397576589,ak47,item_remove,98045,0
AVARA KÉRABA,48,76561198397576589,incgrenade,item_remove,98045,0
AVARA KÉRABA,0,76561198397576589,vesthelm,item_remove,98045,0
AVARA KÉRABA,59,76561198397576589,knife,item_remove,98045,0
AVARA KÉRABA,4,76561198397576589,glock,item_remove,98045,0
AVARA KÉRABA,45,76561198397576589,smokegrenade,item_remove,98045,0
Erick,34,76561198000238678,mp9,item_remove,98157,0
Erick,48,76561198000238678,incgrenade,item_remove,98157,0
Erick,0,76561198000238678,vesthelm,item_remove,98157,0
Erick,42,76561198000238678,knife,item_remove,98157,0
Erick,61,76561198000238678,hkp2000,item_remove,98157,0
【﻿ＰＫ】,45,76561197996437459,smokegrenade,item_remove,99395,0
【﻿ＰＫ】,44,76561197996437459,hegrenade,item_remove,99605,0
Connan,49,76561198026214582,c4,item_remove,100587,0
Connan,31,76561198026214582,taser,item_remove,100587,0
Connan,7,76561198026214582,ak47,item_remove,100587,0
Connan,0,76561198026214582,vesthelm,item_remove,100587,0
Connan,59,76561198026214582,knife,item_remove,100587,0
Connan,4,76561198026214582,glock,item_remove,100587,0
Luiz,16,76561198100001022,m4a1,item_remove,100599,0
Siraissi,49,76561198178993731,c4,item_remove,100792,0
Luiz,7,76561198100001022,ak47,item_remove,101162,0
Talevor,10,76561198124241179,famas,item_remove,101264,0
MonsTro,4,76561198340888446,glock,item_remove,101688,0
Siraissi,49,76561198178993731,c4,item_remove,102388,0
rodrigaoobrabo,45,76561198421514418,smokegrenade,item_remove,102480,0
MonsTro,49,76561198340888446,c4,item_remove,102582,0
rodrigaoobrabo,48,76561198421514418,incgrenade,item_remove,102654,0
AVARA KÉRABA,46,76561198397576589,molotov,item_remove,102956,0
【﻿ＰＫ】,43,76561197996437459,flashbang,item_remove,103118,0
Erick,45,76561198000238678,smokegrenade,item_remove,103120,0
AVARA KÉRABA,43,76561198397576589,flashbang,item_remove,103366,0
【﻿ＰＫ】,45,76561197996437459,smokegrenade,item_remove,103634,0
rodrigaoobrabo,0,76561198421514418,defuser,item_remove,104030,0
rodrigaoobrabo,7,76561198421514418,ak47,item_remove,104030,0
rodrigaoobrabo,44,76561198421514418,hegrenade,item_remove,104030,0
rodrigaoobrabo,0,76561198421514418,vesthelm,item_remove,104030,0
rodrigaoobrabo,42,76561198421514418,knife,item_remove,104030,0
rodrigaoobrabo,61,76561198421514418,hkp2000,item_remove,104030,0
rodrigaoobrabo,43,76561198421514418,flashbang,item_remove,104030,0
Siraissi,17,76561198178993731,mac10,item_remove,104264,0
Erick,43,76561198000238678,flashbang,item_remove,104300,0
Talevor,48,76561198124241179,incgrenade,item_remove,104404,0
MonsTro,43,76561198340888446,flashbang,item_remove,104434,0
Erick,48,76561198000238678,incgrenade,item_remove,104536,0
AVARA KÉRABA,7,76561198397576589,ak47,item_remove,104716,0
AVARA KÉRABA,0,76561198397576589,vesthelm,item_remove,104716,0
AVARA KÉRABA,59,76561198397576589,knife,item_remove,104716,0
AVARA KÉRABA,4,76561198397576589,glock,item_remove,104716,0
【﻿ＰＫ】,44,76561197996437459,hegrenade,item_remove,104884,0
Talevor,45,76561198124241179,smokegrenade,item_remove,105040,0
Talevor,0,76561198124241179,defuser,item_remove,105730,0
Talevor,16,76561198124241179,m4a1,item_remove,105730,0
Talevor,0,76561198124241179,vesthelm,item_remove,105730,0
Talevor,42,76561198124241179,knife,item_remove,105730,0
Talevor,61,76561198124241179,hkp2000,item_remove,105730,0
Talevor,43,76561198124241179,flashbang,item_remove,105730,0
Cujura,49,76561198051880621,c4,item_remove,105850,0
Cujura,17,76561198051880621,mac10,item_remove,105850,0
Cujura,44,76561198051880621,hegrenade,item_remove,105850,0
Cujura,0,76561198051880621,vesthelm,item_remove,105850,0
Cujura,520,76561198051880621,knife,item_remove,105850,0
Cujura,4,76561198051880621,glock,item_remove,105850,0
Cujura,43,76561198051880621,flashbang,item_remove,105850,0
Connan,7,76561198026214582,ak47,item_remove,106420,0
Connan,0,76561198026214582,vesthelm,item_remove,106420,0
Connan,59,76561198026214582,knife,item_remove,106420,0
Connan,4,76561198026214582,glock,item_remove,106420,0
Siraissi,7,76561198178993731,ak47,item_remove,106468,0
Siraissi,44,76561198178993731,hegrenade,item_remove,106468,0
Siraissi,0,76561198178993731,vesthelm,item_remove,106468,0
Siraissi,59,76561198178993731,knife,item_remove,106468,0
Siraissi,4,76561198178993731,glock,item_remove,106468,0
【﻿ＰＫ】,60,76561197996437459,m4a1,item_remove,106762,0
MonsTro,30,76561198340888446,tec9,item_remove,106910,0
MonsTro,0,76561198340888446,vesthelm,item_remove,106910,0
MonsTro,59,76561198340888446,knife,item_remove,106910,0
Erick,10,76561198000238678,famas,item_remove,107020,0
MonsTro,49,76561198340888446,c4,item_remove,107583,0
AVARA KÉRABA,4,76561198397576589,glock,item_remove,107703,0
MonsTro,4,76561198340888446,glock,item_remove,107997,0
Luiz,45,76561198100001022,smokegrenade,item_remove,109143,0
Talevor,43,76561198124241179,flashbang,item_remove,109373,0
Connan,45,76561198026214582,smokegrenade,item_remove,109425,0
Cujura,43,76561198051880621,flashbang,item_remove,109429,0
AVARA KÉRABA,36,76561198397576589,p250,item_remove,109601,0
AVARA KÉRABA,59,76561198397576589,knife,item_remove,109601,0
Erick,48,76561198000238678,incgrenade,item_remove,109621,0
Talevor,0,76561198124241179,defuser,item_remove,109689,0
Talevor,16,76561198124241179,m4a1,item_remove,109689,0
Talevor,0,76561198124241179,vesthelm,item_remove,109689,0
Talevor,42,76561198124241179,knife,item_remove,109689,0
Talevor,61,76561198124241179,hkp2000,item_remove,109689,0
Connan,17,76561198026214582,mac10,item_remove,109779,0
Connan,59,76561198026214582,knife,item_remove,109779,0
Connan,4,76561198026214582,glock,item_remove,109779,0
Cujura,45,76561198051880621,smokegrenade,item_remove,109861,0
【﻿ＰＫ】,44,76561197996437459,hegrenade,item_remove,109907,0
MonsTro,17,76561198340888446,mac10,item_remove,110001,0
MonsTro,59,76561198340888446,knife,item_remove,110001,0
MonsTro,30,76561198340888446,tec9,item_remove,110001,0
【﻿ＰＫ】,0,76561197996437459,defuser,item_remove,110111,0
【﻿ＰＫ】,16,76561197996437459,m4a1,item_remove,110111,0
【﻿ＰＫ】,45,76561197996437459,smokegrenade,item_remove,110111,0
【﻿ＰＫ】,0,76561197996437459,vesthelm,item_remove,110111,0
【﻿ＰＫ】,42,76561197996437459,knife,item_remove,110111,0
【﻿ＰＫ】,61,76561197996437459,hkp2000,item_remove,110111,0
【﻿ＰＫ】,43,76561197996437459,flashbang,item_remove,110111,0
Siraissi,49,76561198178993731,c4,item_remove,110357,0
Siraissi,17,76561198178993731,mac10,item_remove,110357,0
Siraissi,59,76561198178993731,knife,item_remove,110357,0
Siraissi,4,76561198178993731,glock,item_remove,110357,0
Luiz,48,76561198100001022,incgrenade,item_remove,110581,0
Erick,43,76561198000238678,flashbang,item_remove,111429,0
Erick,0,76561198000238678,defuser,item_remove,111665,0
Erick,7,76561198000238678,ak47,item_remove,111665,0
Erick,45,76561198000238678,smokegrenade,item_remove,111665,0
Erick,0,76561198000238678,vesthelm,item_remove,111665,0
Erick,42,76561198000238678,knife,item_remove,111665,0
Erick,61,76561198000238678,hkp2000,item_remove,111665,0
Erick,44,76561198000238678,hegrenade,item_remove,111665,0
Cujura,16,76561198051880621,m4a1,item_remove,111677,0
Cujura,520,76561198051880621,knife,item_remove,111677,0
Cujura,4,76561198051880621,glock,item_remove,111677,0
Erick,16,76561198000238678,m4a1,item_remove,113005,0
Luiz,32,76561198100001022,hkp2000,item_remove,113081,0
【﻿ＰＫ】,61,76561197996437459,hkp2000,item_remove,113243,0
Talevor,16,76561198124241179,m4a1,item_remove,113441,0
Talevor,60,76561198124241179,m4a1,item_remove,113599,0
Luiz,45,76561198100001022,smokegrenade,item_remove,113979,0
Cujura,44,76561198051880621,hegrenade,item_remove,114045,0
Siraissi,44,76561198178993731,hegrenade,item_remove,114109,0
Cujura,43,76561198051880621,flashbang,item_remove,114315,0
Cujura,7,76561198051880621,ak47,item_remove,114597,0
Cujura,46,76561198051880621,molotov,item_remove,114597,0
Cujura,0,76561198051880621,vesthelm,item_remove,114597,0
Cujura,520,76561198051880621,knife,item_remove,114597,0
Cujura,4,76561198051880621,glock,item_remove,114597,0
Cujura,45,76561198051880621,smokegrenade,item_remove,114597,0
Talevor,43,76561198124241179,flashbang,item_remove,115145,0
Siraissi,43,76561198178993731,flashbang,item_remove,115307,0
MonsTro,46,76561198340888446,molotov,item_remove,115741,0
Luiz,0,76561198100001022,defuser,item_remove,115931,0
Luiz,9,76561198100001022,awp,item_remove,115931,0
Luiz,43,76561198100001022,flashbang,item_remove,115931,0
Luiz,0,76561198100001022,vesthelm,item_remove,115931,0
Luiz,42,76561198100001022,knife,item_remove,115931,0
Luiz,3,76561198100001022,fiveseven,item_remove,115931,0
Luiz,48,76561198100001022,incgrenade,item_remove,115931,0
rodrigaoobrabo,31,76561198421514418,taser,item_remove,116021,0
rodrigaoobrabo,0,76561198421514418,defuser,item_remove,116021,0
rodrigaoobrabo,60,76561198421514418,m4a1,item_remove,116021,0
rodrigaoobrabo,48,76561198421514418,incgrenade,item_remove,116021,0
rodrigaoobrabo,0,76561198421514418,vesthelm,item_remove,116021,0
rodrigaoobrabo,42,76561198421514418,knife,item_remove,116021,0
rodrigaoobrabo,61,76561198421514418,hkp2000,item_remove,116021,0
rodrigaoobrabo,45,76561198421514418,smokegrenade,item_remove,116021,0
rodrigaoobrabo,44,76561198421514418,hegrenade,item_remove,116021,0
rodrigaoobrabo,43,76561198421514418,flashbang,item_remove,116021,0
AVARA KÉRABA,7,76561198397576589,ak47,item_remove,116177,0
MonsTro,43,76561198340888446,flashbang,item_remove,116217,0
AVARA KÉRABA,9,76561198397576589,awp,item_remove,116249,0
AVARA KÉRABA,46,76561198397576589,molotov,item_remove,116249,0
AVARA KÉRABA,0,76561198397576589,vesthelm,item_remove,116249,0
AVARA KÉRABA,59,76561198397576589,knife,item_remove,116249,0
AVARA KÉRABA,4,76561198397576589,glock,item_remove,116249,0
AVARA KÉRABA,45,76561198397576589,smokegrenade,item_remove,116249,0
AVARA KÉRABA,44,76561198397576589,hegrenade,item_remove,116249,0
AVARA KÉRABA,43,76561198397576589,flashbang,item_remove,116249,0
Siraissi,45,76561198178993731,smokegrenade,item_remove,116537,0
Erick,43,76561198000238678,flashbang,item_remove,116559,0
【﻿ＰＫ】,45,76561197996437459,smokegrenade,item_remove,116631,0
MonsTro,45,76561198340888446,smokegrenade,item_remove,116845,0
Erick,48,76561198000238678,incgrenade,item_remove,116921,0
【﻿ＰＫ】,44,76561197996437459,hegrenade,item_remove,116957,0
Siraissi,43,76561198178993731,flashbang,item_remove,116979,0
【﻿ＰＫ】,43,76561197996437459,flashbang,item_remove,117093,0
Siraissi,46,76561198178993731,molotov,item_remove,117157,0
Connan,49,76561198026214582,c4,item_remove,117409,0
MonsTro,46,76561198340888446,molotov,item_remove,117467,0
【﻿ＰＫ】,0,76561197996437459,defuser,item_remove,117841,0
【﻿ＰＫ】,16,76561197996437459,m4a1,item_remove,117841,0
【﻿ＰＫ】,0,76561197996437459,vesthelm,item_remove,117841,0
【﻿ＰＫ】,42,76561197996437459,knife,item_remove,117841,0
【﻿ＰＫ】,64,76561197996437459,deagle,item_remove,117841,0
Talevor,48,76561198124241179,incgrenade,item_remove,117867,0
Talevor,0,76561198124241179,defuser,item_remove,118039,0
Talevor,16,76561198124241179,m4a1,item_remove,118039,0
Talevor,45,76561198124241179,smokegrenade,item_remove,118039,0
Talevor,0,76561198124241179,vesthelm,item_remove,118039,0
Talevor,42,76561198124241179,knife,item_remove,118039,0
Talevor,61,76561198124241179,hkp2000,item_remove,118039,0
Erick,9,76561198000238678,awp,item_remove,118169,0
Erick,45,76561198000238678,smokegrenade,item_remove,118169,0
Erick,0,76561198000238678,vesthelm,item_remove,118169,0
Erick,42,76561198000238678,knife,item_remove,118169,0
Erick,61,76561198000238678,hkp2000,item_remove,118169,0
Connan,0,76561198026214582,vesthelm,item_remove,119129,0
Connan,59,76561198026214582,knife,item_remove,119129,0
Connan,4,76561198026214582,glock,item_remove,119129,0
Connan,7,76561198026214582,ak47,item_remove,119129,0
Siraissi,0,76561198178993731,vesthelm,item_remove,119129,0
Siraissi,59,76561198178993731,knife,item_remove,119129,0
Siraissi,4,76561198178993731,glock,item_remove,119129,0
Siraissi,7,76561198178993731,ak47,item_remove,119129,0
MonsTro,0,76561198340888446,vesthelm,item_remove,119129,0
MonsTro,59,76561198340888446,knife,item_remove,119129,0
MonsTro,4,76561198340888446,glock,item_remove,119129,0
MonsTro,7,76561198340888446,ak47,item_remove,119129,0
Talevor,49,76561198124241179,c4,item_remove,119237,0
Connan,61,76561198026214582,hkp2000,item_remove,119647,0
AVARA KÉRABA,61,76561198397576589,hkp2000,item_remove,119655,0
Talevor,4,76561198124241179,glock,item_remove,119835,0
【﻿ＰＫ】,4,76561197996437459,glock,item_remove,120241,0
Talevor,45,76561198124241179,smokegrenade,item_remove,122905,0
【﻿ＰＫ】,45,76561197996437459,smokegrenade,item_remove,122959,0
Talevor,43,76561198124241179,flashbang,item_remove,123035,0
Erick,4,76561198000238678,glock,item_remove,123283,0
Erick,59,76561198000238678,knife,item_remove,123283,0
Connan,44,76561198026214582,hegrenade,item_remove,123563,0
Cujura,61,76561198051880621,hkp2000,item_remove,123583,0
Cujura,520,76561198051880621,knife,item_remove,123583,0
AVARA KÉRABA,44,76561198397576589,hegrenade,item_remove,123639,0
Talevor,49,76561198124241179,c4,item_remove,123725,0
Talevor,36,76561198124241179,p250,item_remove,123725,0
Talevor,59,76561198124241179,knife,item_remove,123725,0
rodrigaoobrabo,4,76561198421514418,glock,item_remove,123839,0
rodrigaoobrabo,59,76561198421514418,knife,item_remove,123839,0
Siraissi,61,76561198178993731,hkp2000,item_remove,124145,0
Siraissi,42,76561198178993731,knife,item_remove,124145,0
【﻿ＰＫ】,30,76561197996437459,tec9,item_remove,124177,0
【﻿ＰＫ】,59,76561197996437459,knife,item_remove,124177,0
Luiz,4,76561198100001022,glock,item_remove,124559,0
Luiz,59,76561198100001022,knife,item_remove,124559,0
【﻿ＰＫ】,4,76561197996437459,glock,item_remove,125179,0
rodrigaoobrabo,4,76561198421514418,glock,item_remove,125747,0
Luiz,4,76561198100001022,glock,item_remove,126085,0
Erick,43,76561198000238678,flashbang,item_remove,127077,0
MonsTro,44,76561198340888446,hegrenade,item_remove,127147,0
MonsTro,48,76561198340888446,incgrenade,item_remove,127877,0
Siraissi,48,76561198178993731,incgrenade,item_remove,127947,0
AVARA KÉRABA,43,76561198397576589,flashbang,item_remove,127985,0
Cujura,34,76561198051880621,mp9,item_remove,128123,0
Cujura,44,76561198051880621,hegrenade,item_remove,128123,0
Cujura,0,76561198051880621,vesthelm,item_remove,128123,0
Cujura,520,76561198051880621,knife,item_remove,128123,0
Cujura,61,76561198051880621,hkp2000,item_remove,128123,0
Cujura,43,76561198051880621,flashbang,item_remove,128123,0
Cujura,45,76561198051880621,smokegrenade,item_remove,128123,0
rodrigaoobrabo,63,76561198421514418,p250,item_remove,128125,0
rodrigaoobrabo,59,76561198421514418,knife,item_remove,128125,0
Siraissi,33,76561198178993731,mp7,item_remove,128255,0
Siraissi,45,76561198178993731,smokegrenade,item_remove,128255,0
Siraissi,0,76561198178993731,vesthelm,item_remove,128255,0
Siraissi,42,76561198178993731,knife,item_remove,128255,0
Siraissi,61,76561198178993731,hkp2000,item_remove,128255,0
Siraissi,44,76561198178993731,hegrenade,item_remove,128255,0
【﻿ＰＫ】,49,76561197996437459,c4,item_remove,128449,0
AVARA KÉRABA,48,76561198397576589,incgrenade,item_remove,128459,0
Connan,0,76561198026214582,defuser,item_remove,128661,0
Connan,34,76561198026214582,mp9,item_remove,128661,0
Connan,44,76561198026214582,hegrenade,item_remove,128661,0
Connan,0,76561198026214582,vesthelm,item_remove,128661,0
Connan,42,76561198026214582,knife,item_remove,128661,0
Connan,3,76561198026214582,fiveseven,item_remove,128661,0
MonsTro,45,76561198340888446,smokegrenade,item_remove,128745,0
Luiz,1,76561198100001022,deagle,item_remove,128803,0
Luiz,59,76561198100001022,knife,item_remove,128803,0
【﻿ＰＫ】,64,76561197996437459,deagle,item_remove,129037,0
【﻿ＰＫ】,0,76561197996437459,vesthelm,item_remove,129037,0
【﻿ＰＫ】,59,76561197996437459,knife,item_remove,129037,0
Talevor,33,76561198124241179,mp7,item_remove,129119,0
Talevor,45,76561198124241179,smokegrenade,item_remove,129119,0
Talevor,59,76561198124241179,knife,item_remove,129119,0
Talevor,4,76561198124241179,glock,item_remove,129119,0
AVARA KÉRABA,45,76561198397576589,smokegrenade,item_remove,129927,0
Erick,4,76561198000238678,glock,item_remove,130293,0
Erick,59,76561198000238678,knife,item_remove,130293,0
MonsTro,32,76561198340888446,hkp2000,item_remove,130527,0
MonsTro,4,76561198340888446,glock,item_remove,130633,0
Cujura,48,76561198051880621,incgrenade,item_remove,132697,0
Luiz,49,76561198100001022,c4,item_remove,132739,0
Talevor,44,76561198124241179,hegrenade,item_remove,132825,0
AVARA KÉRABA,48,76561198397576589,incgrenade,item_remove,132981,0
MonsTro,44,76561198340888446,hegrenade,item_remove,132997,0
Cujura,44,76561198051880621,hegrenade,item_remove,133099,0
MonsTro,48,76561198340888446,incgrenade,item_remove,133173,0
Luiz,46,76561198100001022,molotov,item_remove,133269,0
MonsTro,43,76561198340888446,flashbang,item_remove,133625,0
【﻿ＰＫ】,44,76561197996437459,hegrenade,item_remove,133691,0
MonsTro,45,76561198340888446,smokegrenade,item_remove,133833,0
AVARA KÉRABA,45,76561198397576589,smokegrenade,item_remove,134113,0
Luiz,43,76561198100001022,flashbang,item_remove,136005,0
Luiz,45,76561198100001022,smokegrenade,item_remove,136135,0
rodrigaoobrabo,49,76561198421514418,c4,item_remove,136293,0
rodrigaoobrabo,7,76561198421514418,ak47,item_remove,136293,0
rodrigaoobrabo,46,76561198421514418,molotov,item_remove,136293,0
rodrigaoobrabo,0,76561198421514418,vesthelm,item_remove,136293,0
rodrigaoobrabo,59,76561198421514418,knife,item_remove,136293,0
rodrigaoobrabo,4,76561198421514418,glock,item_remove,136293,0
rodrigaoobrabo,45,76561198421514418,smokegrenade,item_remove,136293,0
rodrigaoobrabo,44,76561198421514418,hegrenade,item_remove,136293,0
rodrigaoobrabo,43,76561198421514418,flashbang,item_remove,136293,0
Connan,0,76561198026214582,defuser,item_remove,136297,0
Connan,60,76561198026214582,m4a1,item_remove,136297,0
Connan,0,76561198026214582,vesthelm,item_remove,136297,0
Connan,42,76561198026214582,knife,item_remove,136297,0
Connan,61,76561198026214582,hkp2000,item_remove,136297,0
Cujura,43,76561198051880621,flashbang,item_remove,136327,0
AVARA KÉRABA,0,76561198397576589,defuser,item_remove,136413,0
AVARA KÉRABA,34,76561198397576589,mp9,item_remove,136413,0
AVARA KÉRABA,44,76561198397576589,hegrenade,item_remove,136413,0
AVARA KÉRABA,0,76561198397576589,vesthelm,item_remove,136413,0
AVARA KÉRABA,42,76561198397576589,knife,item_remove,136413,0
AVARA KÉRABA,2,76561198397576589,elite,item_remove,136413,0
AVARA KÉRABA,43,76561198397576589,flashbang,item_remove,136413,0
Erick,45,76561198000238678,smokegrenade,item_remove,136495,0
Cujura,34,76561198051880621,mp9,item_remove,136531,0
Cujura,45,76561198051880621,smokegrenade,item_remove,136531,0
Cujura,0,76561198051880621,vesthelm,item_remove,136531,0
Cujura,520,76561198051880621,knife,item_remove,136531,0
Cujura,61,76561198051880621,hkp2000,item_remove,136531,0
Erick,46,76561198000238678,molotov,item_remove,136775,0
【﻿ＰＫ】,45,76561197996437459,smokegrenade,item_remove,136801,0
Talevor,45,76561198124241179,smokegrenade,item_remove,136813,0
【﻿ＰＫ】,43,76561197996437459,flashbang,item_remove,137409,0
Talevor,49,76561198124241179,c4,item_remove,137479,0
Siraissi,60,76561198178993731,m4a1,item_remove,137739,0
Siraissi,43,76561198178993731,flashbang,item_remove,137739,0
Siraissi,0,76561198178993731,vesthelm,item_remove,137739,0
Siraissi,42,76561198178993731,knife,item_remove,137739,0
Siraissi,61,76561198178993731,hkp2000,item_remove,137739,0
【﻿ＰＫ】,13,76561197996437459,galilar,item_remove,137753,0
【﻿ＰＫ】,0,76561197996437459,vesthelm,item_remove,137753,0
【﻿ＰＫ】,59,76561197996437459,knife,item_remove,137753,0
【﻿ＰＫ】,4,76561197996437459,glock,item_remove,137753,0
MonsTro,0,76561198340888446,defuser,item_remove,137903,0
MonsTro,34,76561198340888446,mp9,item_remove,137903,0
MonsTro,43,76561198340888446,flashbang,item_remove,137903,0
MonsTro,0,76561198340888446,vesthelm,item_remove,137903,0
MonsTro,42,76561198340888446,knife,item_remove,137903,0
MonsTro,32,76561198340888446,hkp2000,item_remove,137903,0
Erick,7,76561198000238678,ak47,item_remove,138473,0
Talevor,7,76561198124241179,ak47,item_remove,138473,0
AVARA KÉRABA,34,76561198397576589,mp9,item_remove,138719,0
rodrigaoobrabo,7,76561198421514418,ak47,item_remove,138747,0
MonsTro,34,76561198340888446,mp9,item_remove,138751,0
MonsTro,34,76561198340888446,mp9,item_remove,139021,0
Erick,49,76561198000238678,c4,item_remove,139259,0
Talevor,43,76561198124241179,flashbang,item_remove,140091,0
MonsTro,45,76561198340888446,smokegrenade,item_remove,140121,0
Luiz,46,76561198100001022,molotov,item_remove,140335,0
Talevor,49,76561198124241179,c4,item_remove,140545,0
Cujura,34,76561198051880621,mp9,item_remove,140619,0
Cujura,0,76561198051880621,vesthelm,item_remove,140619,0
Cujura,520,76561198051880621,knife,item_remove,140619,0
Cujura,61,76561198051880621,hkp2000,item_remove,140619,0
Cujura,43,76561198051880621,flashbang,item_remove,140619,0
MonsTro,34,76561198340888446,mp9,item_remove,140933,0
MonsTro,0,76561198340888446,vesthelm,item_remove,140933,0
MonsTro,42,76561198340888446,knife,item_remove,140933,0
MonsTro,32,76561198340888446,hkp2000,item_remove,140933,0
Luiz,7,76561198100001022,ak47,item_remove,140995,0
Luiz,45,76561198100001022,smokegrenade,item_remove,140995,0
Luiz,0,76561198100001022,vesthelm,item_remove,140995,0
Luiz,59,76561198100001022,knife,item_remove,140995,0
Luiz,4,76561198100001022,glock,item_remove,140995,0
Luiz,43,76561198100001022,flashbang,item_remove,140995,0
AVARA KÉRABA,44,76561198397576589,hegrenade,item_remove,141023,0
Siraissi,34,76561198178993731,mp9,item_remove,141071,0
Siraissi,0,76561198178993731,vesthelm,item_remove,141071,0
Siraissi,42,76561198178993731,knife,item_remove,141071,0
Siraissi,61,76561198178993731,hkp2000,item_remove,141071,0
【﻿ＰＫ】,13,76561197996437459,galilar,item_remove,141349,0
AVARA KÉRABA,0,76561198397576589,defuser,item_remove,141461,0
AVARA KÉRABA,60,76561198397576589,m4a1,item_remove,141461,0
AVARA KÉRABA,0,76561198397576589,vesthelm,item_remove,141461,0
AVARA KÉRABA,42,76561198397576589,knife,item_remove,141461,0
AVARA KÉRABA,61,76561198397576589,hkp2000,item_remove,141461,0
rodrigaoobrabo,43,76561198421514418,flashbang,item_remove,141711,0
rodrigaoobrabo,7,76561198421514418,ak47,item_remove,141867,0
rodrigaoobrabo,46,76561198421514418,molotov,item_remove,141867,0
rodrigaoobrabo,0,76561198421514418,vesthelm,item_remove,141867,0
rodrigaoobrabo,59,76561198421514418,knife,item_remove,141867,0
rodrigaoobrabo,4,76561198421514418,glock,item_remove,141867,0
rodrigaoobrabo,45,76561198421514418,smokegrenade,item_remove,141867,0
rodrigaoobrabo,44,76561198421514418,hegrenade,item_remove,141867,0
Erick,45,76561198000238678,smokegrenade,item_remove,141973,0
【﻿ＰＫ】,44,76561197996437459,hegrenade,item_remove,142065,0
Connan,0,76561198026214582,defuser,item_remove,142521,0
Connan,34,76561198026214582,mp9,item_remove,142521,0
Connan,0,76561198026214582,vesthelm,item_remove,142521,0
Connan,42,76561198026214582,knife,item_remove,142521,0
Connan,61,76561198026214582,hkp2000,item_remove,142521,0
Talevor,49,76561198124241179,c4,item_remove,142857,0
rodrigaoobrabo,49,76561198421514418,c4,item_remove,143154,0
【﻿ＰＫ】,49,76561197996437459,c4,item_remove,143784,0
Erick,49,76561198000238678,c4,item_remove,144068,0
MonsTro,32,76561198340888446,hkp2000,item_remove,144098,0
rodrigaoobrabo,49,76561198421514418,c4,item_remove,144176,0
Siraissi,61,76561198178993731,hkp2000,item_remove,144192,0
Talevor,49,76561198124241179,c4,item_remove,144316,0
【﻿ＰＫ】,49,76561197996437459,c4,item_remove,144792,0
Talevor,44,76561198124241179,hegrenade,item_remove,144824,0
Talevor,43,76561198124241179,flashbang,item_remove,145182,0
【﻿ＰＫ】,49,76561197996437459,c4,item_remove,145196,0
Erick,7,76561198000238678,ak47,item_remove,145256,0
Erick,45,76561198000238678,smokegrenade,item_remove,145256,0
Erick,0,76561198000238678,vesthelm,item_remove,145256,0
Erick,59,76561198000238678,knife,item_remove,145256,0
Erick,4,76561198000238678,glock,item_remove,145256,0
Erick,43,76561198000238678,flashbang,item_remove,145256,0
Erick,46,76561198000238678,molotov,item_remove,145256,0
AVARA KÉRABA,31,76561198397576589,taser,item_remove,145288,0
rodrigaoobrabo,7,76561198421514418,ak47,item_remove,145380,0
rodrigaoobrabo,46,76561198421514418,molotov,item_remove,145380,0
rodrigaoobrabo,0,76561198421514418,vesthelm,item_remove,145380,0
rodrigaoobrabo,59,76561198421514418,knife,item_remove,145380,0
rodrigaoobrabo,4,76561198421514418,glock,item_remove,145380,0
rodrigaoobrabo,45,76561198421514418,smokegrenade,item_remove,145380,0
rodrigaoobrabo,44,76561198421514418,hegrenade,item_remove,145380,0
Connan,31,76561198026214582,taser,item_remove,145412,0
AVARA KÉRABA,45,76561198397576589,smokegrenade,item_remove,145640,0
【﻿ＰＫ】,44,76561197996437459,hegrenade,item_remove,145646,0
MonsTro,36,76561198340888446,p250,item_remove,147522,0
MonsTro,42,76561198340888446,knife,item_remove,147522,0
Luiz,46,76561198100001022,molotov,item_remove,147796,0
Luiz,49,76561198100001022,c4,item_remove,148076,0
Luiz,7,76561198100001022,ak47,item_remove,148076,0
Luiz,45,76561198100001022,smokegrenade,item_remove,148076,0
Luiz,0,76561198100001022,vesthelm,item_remove,148076,0
Luiz,59,76561198100001022,knife,item_remove,148076,0
Luiz,4,76561198100001022,glock,item_remove,148076,0
Luiz,43,76561198100001022,flashbang,item_remove,148076,0
Cujura,7,76561198051880621,ak47,item_remove,148108,0
Cujura,45,76561198051880621,smokegrenade,item_remove,148108,0
Cujura,520,76561198051880621,knife,item_remove,148108,0
Cujura,61,76561198051880621,hkp2000,item_remove,148108,0
Talevor,46,76561198124241179,molotov,item_remove,148312,0
Talevor,45,76561198124241179,smokegrenade,item_remove,148448,0
【﻿ＰＫ】,45,76561197996437459,smokegrenade,item_remove,148680,0
Talevor,49,76561198124241179,c4,item_remove,148818,0
Talevor,7,76561198124241179,ak47,item_remove,148818,0
Talevor,0,76561198124241179,vesthelm,item_remove,148818,0
Talevor,59,76561198124241179,knife,item_remove,148818,0
Talevor,4,76561198124241179,glock,item_remove,148818,0
Siraissi,3,76561198178993731,fiveseven,item_remove,149094,0
Siraissi,42,76561198178993731,knife,item_remove,149094,0
【﻿ＰＫ】,7,76561197996437459,ak47,item_remove,149142,0
【﻿ＰＫ】,0,76561197996437459,vesthelm,item_remove,149142,0
【﻿ＰＫ】,59,76561197996437459,knife,item_remove,149142,0
【﻿ＰＫ】,4,76561197996437459,glock,item_remove,149142,0
【﻿ＰＫ】,43,76561197996437459,flashbang,item_remove,149142,0
AVARA KÉRABA,7,76561198397576589,ak47,item_remove,149290,0
Talevor,7,76561198124241179,ak47,item_remove,150263,0
Talevor,7,76561198124241179,ak47,item_remove,150523,0
Talevor,49,76561198124241179,c4,item_remove,150821,0
Talevor,49,76561198124241179,c4,item_remove,151229,0
Cujura,48,76561198051880621,incgrenade,item_remove,151271,0
【﻿ＰＫ】,49,76561197996437459,c4,item_remove,151363,0
MonsTro,45,76561198340888446,smokegrenade,item_remove,151403,0
AVARA KÉRABA,48,76561198397576589,incgrenade,item_remove,151451,0
Cujura,44,76561198051880621,hegrenade,item_remove,151671,0
Erick,45,76561198000238678,smokegrenade,item_remove,151737,0
Luiz,46,76561198100001022,molotov,item_remove,151797,0
AVARA KÉRABA,45,76561198397576589,smokegrenade,item_remove,151871,0
Connan,46,76561198026214582,molotov,item_remove,151961,0
AVARA KÉRABA,44,76561198397576589,hegrenade,item_remove,152123,0
Cujura,43,76561198051880621,flashbang,item_remove,152293,0
AVARA KÉRABA,43,76561198397576589,flashbang,item_remove,152725,0
Erick,7,76561198000238678,ak47,item_remove,152905,0
Erick,46,76561198000238678,molotov,item_remove,152905,0
Erick,0,76561198000238678,vesthelm,item_remove,152905,0
Erick,59,76561198000238678,knife,item_remove,152905,0
Erick,4,76561198000238678,glock,item_remove,152905,0
Erick,43,76561198000238678,flashbang,item_remove,152905,0
Cujura,45,76561198051880621,smokegrenade,item_remove,152963,0
Connan,0,76561198026214582,defuser,item_remove,153541,0
Connan,7,76561198026214582,ak47,item_remove,153541,0
Connan,0,76561198026214582,vesthelm,item_remove,153541,0
Connan,42,76561198026214582,knife,item_remove,153541,0
Connan,61,76561198026214582,hkp2000,item_remove,153541,0
rodrigaoobrabo,43,76561198421514418,flashbang,item_remove,153775,0
MonsTro,16,76561198340888446,m4a1,item_remove,155899,0
MonsTro,43,76561198340888446,flashbang,item_remove,155899,0
MonsTro,0,76561198340888446,vesthelm,item_remove,155899,0
MonsTro,42,76561198340888446,knife,item_remove,155899,0
MonsTro,32,76561198340888446,hkp2000,item_remove,155899,0
【﻿ＰＫ】,7,76561197996437459,ak47,item_remove,155971,0
【﻿ＰＫ】,0,76561197996437459,vesthelm,item_remove,155971,0
【﻿ＰＫ】,59,76561197996437459,knife,item_remove,155971,0
【﻿ＰＫ】,4,76561197996437459,glock,item_remove,155971,0
【﻿ＰＫ】,45,76561197996437459,smokegrenade,item_remove,155971,0
【﻿ＰＫ】,44,76561197996437459,hegrenade,item_remove,155971,0
【﻿ＰＫ】,43,76561197996437459,flashbang,item_remove,155971,0
Siraissi,48,76561198178993731,incgrenade,item_remove,156101,0
Siraissi,44,76561198178993731,hegrenade,item_remove,156267,0
Luiz,7,76561198100001022,ak47,item_remove,156329,0
Luiz,0,76561198100001022,vesthelm,item_remove,156329,0
Luiz,59,76561198100001022,knife,item_remove,156329,0
Luiz,4,76561198100001022,glock,item_remove,156329,0
Luiz,45,76561198100001022,smokegrenade,item_remove,156329,0
Luiz,43,76561198100001022,flashbang,item_remove,156329,0
Siraissi,43,76561198178993731,flashbang,item_remove,156415,0
Cujura,60,76561198051880621,m4a1,item_remove,156919,0
Cujura,0,76561198051880621,vesthelm,item_remove,156919,0
Cujura,520,76561198051880621,knife,item_remove,156919,0
Cujura,61,76561198051880621,hkp2000,item_remove,156919,0
Talevor,49,76561198124241179,c4,item_remove,157055,0
Talevor,7,76561198124241179,ak47,item_remove,157055,0
Talevor,43,76561198124241179,flashbang,item_remove,157055,0
Talevor,0,76561198124241179,vesthelm,item_remove,157055,0
Talevor,59,76561198124241179,knife,item_remove,157055,0
Talevor,4,76561198124241179,glock,item_remove,157055,0
rodrigaoobrabo,7,76561198421514418,ak47,item_remove,158047,0
rodrigaoobrabo,0,76561198421514418,vesthelm,item_remove,158047,0
rodrigaoobrabo,59,76561198421514418,knife,item_remove,158047,0
rodrigaoobrabo,4,76561198421514418,glock,item_remove,158047,0
Siraissi,60,76561198178993731,m4a1,item_remove,158463,0
Siraissi,7,76561198178993731,ak47,item_remove,158575,0
Erick,4,76561198000238678,glock,item_remove,158931,0
Luiz,4,76561198100001022,glock,item_remove,159027,0
Cujura,48,76561198051880621,incgrenade,item_remove,160143,0
MonsTro,45,76561198340888446,smokegrenade,item_remove,160275,0
AVARA KÉRABA,48,76561198397576589,incgrenade,item_remove,160281,0
MonsTro,48,76561198340888446,incgrenade,item_remove,160569,0
Cujura,44,76561198051880621,hegrenade,item_remove,160593,0
MonsTro,44,76561198340888446,hegrenade,item_remove,160675,0
Cujura,43,76561198051880621,flashbang,item_remove,161671,0
MonsTro,0,76561198340888446,defuser,item_remove,162117,0
MonsTro,16,76561198340888446,m4a1,item_remove,162117,0
MonsTro,43,76561198340888446,flashbang,item_remove,162117,0
MonsTro,0,76561198340888446,vesthelm,item_remove,162117,0
MonsTro,42,76561198340888446,knife,item_remove,162117,0
MonsTro,32,76561198340888446,hkp2000,item_remove,162117,0
rodrigaoobrabo,31,76561198421514418,taser,item_remove,162137,0
Talevor,4,76561198124241179,glock,item_remove,162199,0
Talevor,59,76561198124241179,knife,item_remove,162199,0
Erick,30,76561198000238678,tec9,item_remove,162601,0
Erick,59,76561198000238678,knife,item_remove,162601,0
rodrigaoobrabo,16,76561198421514418,m4a1,item_remove,162893,0
rodrigaoobrabo,43,76561198421514418,flashbang,item_remove,162893,0
rodrigaoobrabo,59,76561198421514418,knife,item_remove,162893,0
rodrigaoobrabo,4,76561198421514418,glock,item_remove,162893,0
Luiz,16,76561198100001022,m4a1,item_remove,162993,0
Luiz,44,76561198100001022,hegrenade,item_remove,162993,0
Luiz,59,76561198100001022,knife,item_remove,162993,0
Luiz,1,76561198100001022,deagle,item_remove,162993,0
【﻿ＰＫ】,49,76561197996437459,c4,item_remove,164919,0
【﻿ＰＫ】,4,76561197996437459,glock,item_remove,164919,0
【﻿ＰＫ】,59,76561197996437459,knife,item_remove,164919,0
Siraissi,60,76561198178993731,m4a1,item_remove,165931,0
Cujura,43,76561198051880621,flashbang,item_remove,166213,0
Cujura,48,76561198051880621,incgrenade,item_remove,167041,0
AVARA KÉRABA,48,76561198397576589,incgrenade,item_remove,167199,0
AVARA KÉRABA,43,76561198397576589,flashbang,item_remove,167421,0
Connan,43,76561198026214582,flashbang,item_remove,167523,0
Talevor,7,76561198124241179,ak47,item_remove,167633,0
Talevor,43,76561198124241179,flashbang,item_remove,167633,0
Talevor,0,76561198124241179,vesthelm,item_remove,167633,0
Talevor,59,76561198124241179,knife,item_remove,167633,0
Talevor,4,76561198124241179,glock,item_remove,167633,0
Talevor,45,76561198124241179,smokegrenade,item_remove,167633,0
Erick,7,76561198000238678,ak47,item_remove,167711,0
Erick,0,76561198000238678,vesthelm,item_remove,167711,0
Erick,59,76561198000238678,knife,item_remove,167711,0
Erick,4,76561198000238678,glock,item_remove,167711,0
Erick,45,76561198000238678,smokegrenade,item_remove,167711,0
Erick,43,76561198000238678,flashbang,item_remove,167711,0
Cujura,7,76561198051880621,ak47,item_remove,167759,0
Cujura,45,76561198051880621,smokegrenade,item_remove,167759,0
Cujura,0,76561198051880621,vesthelm,item_remove,167759,0
Cujura,520,76561198051880621,knife,item_remove,167759,0
Cujura,61,76561198051880621,hkp2000,item_remove,167759,0
Cujura,44,76561198051880621,hegrenade,item_remove,167759,0
Cujura,43,76561198051880621,flashbang,item_remove,167759,0
【﻿ＰＫ】,45,76561197996437459,smokegrenade,item_remove,168345,0
【﻿ＰＫ】,44,76561197996437459,hegrenade,item_remove,168893,0
Luiz,45,76561198100001022,smokegrenade,item_remove,168905,0
MonsTro,0,76561198340888446,defuser,item_remove,168939,0
MonsTro,60,76561198340888446,m4a1,item_remove,168939,0
MonsTro,43,76561198340888446,flashbang,item_remove,168939,0
MonsTro,0,76561198340888446,vesthelm,item_remove,168939,0
MonsTro,42,76561198340888446,knife,item_remove,168939,0
MonsTro,32,76561198340888446,hkp2000,item_remove,168939,0
MonsTro,48,76561198340888446,incgrenade,item_remove,168939,0
MonsTro,45,76561198340888446,smokegrenade,item_remove,168939,0
Luiz,49,76561198100001022,c4,item_remove,169477,0
rodrigaoobrabo,45,76561198421514418,smokegrenade,item_remove,169605,0
【﻿ＰＫ】,7,76561197996437459,ak47,item_remove,169837,0
【﻿ＰＫ】,0,76561197996437459,vesthelm,item_remove,169837,0
【﻿ＰＫ】,59,76561197996437459,knife,item_remove,169837,0
【﻿ＰＫ】,4,76561197996437459,glock,item_remove,169837,0
Luiz,7,76561198100001022,ak47,item_remove,170249,0
Luiz,0,76561198100001022,vesthelm,item_remove,170249,0
Luiz,59,76561198100001022,knife,item_remove,170249,0
Luiz,4,76561198100001022,glock,item_remove,170249,0
Luiz,43,76561198100001022,flashbang,item_remove,170249,0
AVARA KÉRABA,44,76561198397576589,hegrenade,item_remove,170519,0
Siraissi,31,76561198178993731,taser,item_remove,170675,0
Siraissi,0,76561198178993731,defuser,item_remove,170675,0
Siraissi,60,76561198178993731,m4a1,item_remove,170675,0
Siraissi,44,76561198178993731,hegrenade,item_remove,170675,0
Siraissi,0,76561198178993731,vesthelm,item_remove,170675,0
Siraissi,42,76561198178993731,knife,item_remove,170675,0
Siraissi,61,76561198178993731,hkp2000,item_remove,170675,0
Siraissi,48,76561198178993731,incgrenade,item_remove,170675,0
Siraissi,45,76561198178993731,smokegrenade,item_remove,170675,0
Siraissi,43,76561198178993731,flashbang,item_remove,170675,0
rodrigaoobrabo,7,76561198421514418,ak47,item_remove,170985,0
rodrigaoobrabo,0,76561198421514418,vesthelm,item_remove,170985,0
rodrigaoobrabo,59,76561198421514418,knife,item_remove,170985,0
rodrigaoobrabo,4,76561198421514418,glock,item_remove,170985,0
rodrigaoobrabo,43,76561198421514418,flashbang,item_remove,170985,0
AVARA KÉRABA,45,76561198397576589,smokegrenade,item_remove,171013,0
Connan,60,76561198026214582,m4a1,item_remove,171329,0
Connan,31,76561198026214582,taser,item_remove,171629,0
AVARA KÉRABA,31,76561198397576589,taser,item_remove,171799,0
MonsTro,32,76561198340888446,hkp2000,item_remove,172391,0
Erick,49,76561198000238678,c4,item_remove,173055,0
rodrigaoobrabo,49,76561198421514418,c4,item_remove,173129,0
Cujura,48,76561198051880621,incgrenade,item_remove,173519,0
AVARA KÉRABA,48,76561198397576589,incgrenade,item_remove,173735,0
AVARA KÉRABA,43,76561198397576589,flashbang,item_remove,173897,0
Connan,43,76561198026214582,flashbang,item_remove,173943,0
Luiz,7,76561198100001022,ak47,item_remove,174229,0
Luiz,45,76561198100001022,smokegrenade,item_remove,174229,0
Luiz,0,76561198100001022,vesthelm,item_remove,174229,0
Luiz,59,76561198100001022,knife,item_remove,174229,0
Luiz,4,76561198100001022,glock,item_remove,174229,0
Luiz,44,76561198100001022,hegrenade,item_remove,174229,0
Talevor,43,76561198124241179,flashbang,item_remove,174377,0
MonsTro,48,76561198340888446,incgrenade,item_remove,174941,0
Connan,31,76561198026214582,taser,item_remove,175029,0
Connan,0,76561198026214582,defuser,item_remove,175029,0
Connan,7,76561198026214582,ak47,item_remove,175029,0
Connan,45,76561198026214582,smokegrenade,item_remove,175029,0
Connan,0,76561198026214582,vesthelm,item_remove,175029,0
Connan,42,76561198026214582,knife,item_remove,175029,0
Connan,61,76561198026214582,hkp2000,item_remove,175029,0
Connan,44,76561198026214582,hegrenade,item_remove,175029,0
【﻿ＰＫ】,43,76561197996437459,flashbang,item_remove,175083,0
Talevor,17,76561198124241179,mac10,item_remove,175343,0
rodrigaoobrabo,45,76561198421514418,smokegrenade,item_remove,175751,0
rodrigaoobrabo,31,76561198421514418,taser,item_remove,175871,0
rodrigaoobrabo,7,76561198421514418,ak47,item_remove,175871,0
rodrigaoobrabo,43,76561198421514418,flashbang,item_remove,175871,0
rodrigaoobrabo,0,76561198421514418,vesthelm,item_remove,175871,0
rodrigaoobrabo,59,76561198421514418,knife,item_remove,175871,0
rodrigaoobrabo,4,76561198421514418,glock,item_remove,175871,0
【﻿ＰＫ】,49,76561197996437459,c4,item_remove,175877,0
【﻿ＰＫ】,13,76561197996437459,galilar,item_remove,175877,0
【﻿ＰＫ】,45,76561197996437459,smokegrenade,item_remove,175877,0
【﻿ＰＫ】,0,76561197996437459,vesthelm,item_remove,175877,0
【﻿ＰＫ】,59,76561197996437459,knife,item_remove,175877,0
【﻿ＰＫ】,4,76561197996437459,glock,item_remove,175877,0
【﻿ＰＫ】,44,76561197996437459,hegrenade,item_remove,175877,0
Cujura,45,76561198051880621,smokegrenade,item_remove,176023,0
MonsTro,43,76561198340888446,flashbang,item_remove,176117,0
AVARA KÉRABA,45,76561198397576589,smokegrenade,item_remove,176383,0
Siraissi,48,76561198178993731,incgrenade,item_remove,176419,0
MonsTro,45,76561198340888446,smokegrenade,item_remove,176473,0
Siraissi,43,76561198178993731,flashbang,item_remove,177455,0
Erick,7,76561198000238678,ak47,item_remove,177659,0
Erick,45,76561198000238678,smokegrenade,item_remove,177659,0
Erick,0,76561198000238678,vesthelm,item_remove,177659,0
Erick,59,76561198000238678,knife,item_remove,177659,0
Erick,4,76561198000238678,glock,item_remove,177659,0
AVARA KÉRABA,44,76561198397576589,hegrenade,item_remove,178169,0
Talevor,49,76561198124241179,c4,item_remove,178761,0
Talevor,7,76561198124241179,ak47,item_remove,178761,0
Talevor,46,76561198124241179,molotov,item_remove,178761,0
Talevor,0,76561198124241179,vesthelm,item_remove,178761,0
Talevor,59,76561198124241179,knife,item_remove,178761,0
Talevor,4,76561198124241179,glock,item_remove,178761,0
Talevor,45,76561198124241179,smokegrenade,item_remove,178761,0
Cujura,16,76561198051880621,m4a1,item_remove,179067,0
AVARA KÉRABA,61,76561198397576589,hkp2000,item_remove,179984,0
Cujura,48,76561198051880621,incgrenade,item_remove,180828,0
AVARA KÉRABA,48,76561198397576589,incgrenade,item_remove,181032,0
Luiz,45,76561198100001022,smokegrenade,item_remove,181066,0
Cujura,44,76561198051880621,hegrenade,item_remove,181206,0
AVARA KÉRABA,43,76561198397576589,flashbang,item_remove,181236,0
Luiz,43,76561198100001022,flashbang,item_remove,181314,0
AVARA KÉRABA,45,76561198397576589,smokegrenade,item_remove,181348,0
Connan,31,76561198026214582,taser,item_remove,181440,0
Connan,0,76561198026214582,defuser,item_remove,181440,0
Connan,60,76561198026214582,m4a1,item_remove,181440,0
Connan,0,76561198026214582,vesthelm,item_remove,181440,0
Connan,42,76561198026214582,knife,item_remove,181440,0
Connan,61,76561198026214582,hkp2000,item_remove,181440,0
AVARA KÉRABA,44,76561198397576589,hegrenade,item_remove,181474,0
AVARA KÉRABA,0,76561198397576589,defuser,item_remove,181766,0
AVARA KÉRABA,7,76561198397576589,ak47,item_remove,181766,0
AVARA KÉRABA,0,76561198397576589,vesthelm,item_remove,181766,0
AVARA KÉRABA,42,76561198397576589,knife,item_remove,181766,0
AVARA KÉRABA,3,76561198397576589,fiveseven,item_remove,181766,0
【﻿ＰＫ】,45,76561197996437459,smokegrenade,item_remove,181960,0
Talevor,45,76561198124241179,smokegrenade,item_remove,181970,0
rodrigaoobrabo,49,76561198421514418,c4,item_remove,182146,0
Erick,45,76561198000238678,smokegrenade,item_remove,182202,0
MonsTro,44,76561198340888446,hegrenade,item_remove,182426,0
MonsTro,48,76561198340888446,incgrenade,item_remove,182796,0
Cujura,7,76561198051880621,ak47,item_remove,182976,0
Cujura,45,76561198051880621,smokegrenade,item_remove,182976,0
Cujura,0,76561198051880621,vesthelm,item_remove,182976,0
Cujura,520,76561198051880621,knife,item_remove,182976,0
Cujura,61,76561198051880621,hkp2000,item_remove,182976,0
Cujura,43,76561198051880621,flashbang,item_remove,182976,0
Erick,17,76561198000238678,mac10,item_remove,183350,0
Luiz,13,76561198100001022,galilar,item_remove,183408,0
Siraissi,31,76561198178993731,taser,item_remove,183696,0
Siraissi,0,76561198178993731,defuser,item_remove,183696,0
Siraissi,60,76561198178993731,m4a1,item_remove,183696,0
Siraissi,48,76561198178993731,incgrenade,item_remove,183696,0
Siraissi,0,76561198178993731,vesthelm,item_remove,183696,0
Siraissi,42,76561198178993731,knife,item_remove,183696,0
Siraissi,61,76561198178993731,hkp2000,item_remove,183696,0
Siraissi,45,76561198178993731,smokegrenade,item_remove,183696,0
Siraissi,44,76561198178993731,hegrenade,item_remove,183696,0
Siraissi,43,76561198178993731,flashbang,item_remove,183696,0
MonsTro,43,76561198340888446,flashbang,item_remove,184032,0
【﻿ＰＫ】,13,76561197996437459,galilar,item_remove,184432,0
Talevor,19,76561198124241179,p90,item_remove,184476,0
Talevor,0,76561198124241179,vesthelm,item_remove,184476,0
Talevor,59,76561198124241179,knife,item_remove,184476,0
Talevor,4,76561198124241179,glock,item_remove,184476,0
Talevor,43,76561198124241179,flashbang,item_remove,184476,0
【﻿ＰＫ】,17,76561197996437459,mac10,item_remove,184592,0
Talevor,49,76561198124241179,c4,item_remove,185461,0
Erick,7,76561198000238678,ak47,item_remove,185773,0
【﻿ＰＫ】,13,76561197996437459,galilar,item_remove,186073,0
Luiz,45,76561198100001022,smokegrenade,item_remove,187083,0
Erick,45,76561198000238678,smokegrenade,item_remove,187147,0
AVARA KÉRABA,48,76561198397576589,incgrenade,item_remove,187257,0
Luiz,43,76561198100001022,flashbang,item_remove,187341,0
Talevor,45,76561198124241179,smokegrenade,item_remove,187365,0
Cujura,43,76561198051880621,flashbang,item_remove,187467,0
Talevor,7,76561198124241179,ak47,item_remove,187541,0
Talevor,46,76561198124241179,molotov,item_remove,187541,0
Talevor,0,76561198124241179,vesthelm,item_remove,187541,0
Talevor,59,76561198124241179,knife,item_remove,187541,0
Talevor,4,76561198124241179,glock,item_remove,187541,0
Talevor,43,76561198124241179,flashbang,item_remove,187541,0
【﻿ＰＫ】,49,76561197996437459,c4,item_remove,187601,0
【﻿ＰＫ】,7,76561197996437459,ak47,item_remove,187601,0
【﻿ＰＫ】,43,76561197996437459,flashbang,item_remove,187601,0
【﻿ＰＫ】,0,76561197996437459,vesthelm,item_remove,187601,0
【﻿ＰＫ】,59,76561197996437459,knife,item_remove,187601,0
【﻿ＰＫ】,4,76561197996437459,glock,item_remove,187601,0
【﻿ＰＫ】,45,76561197996437459,smokegrenade,item_remove,187601,0
【﻿ＰＫ】,44,76561197996437459,hegrenade,item_remove,187601,0
rodrigaoobrabo,31,76561198421514418,taser,item_remove,187857,0
rodrigaoobrabo,19,76561198421514418,p90,item_remove,187857,0
rodrigaoobrabo,45,76561198421514418,smokegrenade,item_remove,187857,0
rodrigaoobrabo,0,76561198421514418,vesthelm,item_remove,187857,0
rodrigaoobrabo,59,76561198421514418,knife,item_remove,187857,0
rodrigaoobrabo,4,76561198421514418,glock,item_remove,187857,0
rodrigaoobrabo,43,76561198421514418,flashbang,item_remove,187857,0
rodrigaoobrabo,46,76561198421514418,molotov,item_remove,187857,0
Luiz,60,76561198100001022,m4a1,item_remove,187967,0
Luiz,46,76561198100001022,molotov,item_remove,187967,0
Luiz,0,76561198100001022,vesthelm,item_remove,187967,0
Luiz,59,76561198100001022,knife,item_remove,187967,0
Luiz,4,76561198100001022,glock,item_remove,187967,0
Luiz,44,76561198100001022,hegrenade,item_remove,187967,0
Erick,7,76561198000238678,ak47,item_remove,187989,0
Erick,46,76561198000238678,molotov,item_remove,187989,0
Erick,0,76561198000238678,vesthelm,item_remove,187989,0
Erick,59,76561198000238678,knife,item_remove,187989,0
Erick,4,76561198000238678,glock,item_remove,187989,0
Erick,43,76561198000238678,flashbang,item_remove,187989,0
AVARA KÉRABA,60,76561198397576589,m4a1,item_remove,188033,0
AVARA KÉRABA,61,76561198397576589,hkp2000,item_remove,188043,0
Connan,60,76561198026214582,m4a1,item_remove,188067,0
Connan,61,76561198026214582,hkp2000,item_remove,188077,0
